recDate,yearsCat,outsAmtMln,durApproxInUSD,sumOuts,sumDur
2001-01-31T00:00:00Z,1-2 years,414702.069,-40.69148995217797,2817866.515,-945.4615210531482
2001-01-31T00:00:00Z,12-20 years,214333.959,-252.78855614328435,2817866.515,-945.4615210531482
2001-01-31T00:00:00Z,2-4 years,332413.358,-71.64209049521611,2817866.515,-945.4615210531482
2001-01-31T00:00:00Z,20+ years,278707.949,-329.7172388275487,2817866.515,-945.4615210531482
2001-01-31T00:00:00Z,4-8 years,329794.789,-134.49659880857493,2817866.515,-945.4615210531482
2001-01-31T00:00:00Z,8-12 years,125973.31,-89.17355086635577,2817866.515,-945.4615210531482
2001-01-31T00:00:00Z,less than a year,1121941.081,-26.951995959990313,2817866.515,-945.4615210531482
2001-02-28T00:00:00Z,1-2 years,435020.364,-43.12253389564249,2818958.316,-949.7775014464352
2001-02-28T00:00:00Z,12-20 years,222998.529,-264.0519409506329,2818958.316,-949.7775014464352
2001-02-28T00:00:00Z,2-4 years,306008.4,-68.71889710660369,2818958.316,-949.7775014464352
2001-02-28T00:00:00Z,20+ years,268293.375,-319.6351824099898,2818958.316,-949.7775014464352
2001-02-28T00:00:00Z,4-8 years,328231.576,-131.77558468590834,2818958.316,-949.7775014464352
2001-02-28T00:00:00Z,8-12 years,137949.232,-95.37375224992897,2818958.316,-949.7775014464352
2001-02-28T00:00:00Z,less than a year,1120456.84,-27.099610147728924,2818958.316,-949.7775014464352
2001-03-31T00:00:00Z,1-2 years,418828.721,-40.577911673355736,2811023.183,-935.5544607581271
2001-03-31T00:00:00Z,12-20 years,221903.529,-262.22941460913347,2811023.183,-935.5544607581271
2001-03-31T00:00:00Z,2-4 years,291835.508,-65.0586934286015,2811023.183,-935.5544607581271
2001-03-31T00:00:00Z,20+ years,265888.275,-315.0597987593152,2811023.183,-935.5544607581271
2001-03-31T00:00:00Z,4-8 years,328210.432,-130.47452540308635,2811023.183,-935.5544607581271
2001-03-31T00:00:00Z,8-12 years,137949.282,-94.79549519839932,2811023.183,-935.5544607581271
2001-03-31T00:00:00Z,less than a year,1146407.436,-27.358621686235537,2811023.183,-935.5544607581271
2001-04-30T00:00:00Z,1-2 years,427877.738,-40.28245713542712,2706303.727,-916.7585497525986
2001-04-30T00:00:00Z,12-20 years,218904.429,-256.5226330857231,2706303.727,-916.7585497525986
2001-04-30T00:00:00Z,2-4 years,279262.26,-61.62731633653041,2706303.727,-916.7585497525986
2001-04-30T00:00:00Z,20+ years,264887.275,-311.95275740139823,2706303.727,-916.7585497525986
2001-04-30T00:00:00Z,4-8 years,328210.532,-128.44456323080203,2706303.727,-916.7585497525986
2001-04-30T00:00:00Z,8-12 years,136949.282,-92.52693469530098,2706303.727,-916.7585497525986
2001-04-30T00:00:00Z,less than a year,1050212.211,-25.401887867416693,2706303.727,-916.7585497525986
2001-05-31T00:00:00Z,1-2 years,414011.67699999997,-38.44730664538955,2683533.084,-916.2919880248701
2001-05-31T00:00:00Z,12-20 years,229378.217,-268.5870729663847,2683533.084,-916.2919880248701
2001-05-31T00:00:00Z,2-4 years,310443.517,-72.73496283205577,2683533.084,-916.2919880248701
2001-05-31T00:00:00Z,20+ years,252663.487,-297.52634663069136,2683533.084,-916.2919880248701
2001-05-31T00:00:00Z,4-8 years,316228.875,-126.03088828175171,2683533.084,-916.2919880248701
2001-05-31T00:00:00Z,8-12 years,128259.073,-86.90870632911242,2683533.084,-916.2919880248701
2001-05-31T00:00:00Z,less than a year,1032548.238,-26.056704339484597,2683533.084,-916.2919880248701
2001-06-30T00:00:00Z,1-2 years,398760.505,-35.88346829907238,2678010.683,-933.8864328365228
2001-06-30T00:00:00Z,12-20 years,227628.217,-264.35216591603813,2678010.683,-933.8864328365228
2001-06-30T00:00:00Z,2-4 years,297316.738,-68.9641427661417,2678010.683,-933.8864328365228
2001-06-30T00:00:00Z,20+ years,280593.642,-329.2368048023369,2678010.683,-933.8864328365228
2001-06-30T00:00:00Z,4-8 years,316228.875,-123.89322210685242,2678010.683,-933.8864328365228
2001-06-30T00:00:00Z,8-12 years,128259.073,-85.89498645420089,2678010.683,-933.8864328365228
2001-06-30T00:00:00Z,less than a year,1029223.633,-25.66164249188031,2678010.683,-933.8864328365228
2001-07-31T00:00:00Z,1-2 years,402057.298,-34.528601939686325,2702759.192,-917.3935376361003
2001-07-31T00:00:00Z,12-20 years,225638.217,-259.7553051237252,2702759.192,-917.3935376361003
2001-07-31T00:00:00Z,2-4 years,297316.738,-66.83788210040585,2702759.192,-917.3935376361003
2001-07-31T00:00:00Z,20+ years,278481.642,-324.70640303993895,2702759.192,-917.3935376361003
2001-07-31T00:00:00Z,4-8 years,316228.875,-121.64553578420573,2702759.192,-917.3935376361003
2001-07-31T00:00:00Z,8-12 years,128110.973,-84.69686209549063,2702759.192,-917.3935376361003
2001-07-31T00:00:00Z,less than a year,1054925.449,-25.222947552647682,2702759.192,-917.3935376361003
2001-08-31T00:00:00Z,1-2 years,420941.702,-37.017057082082054,2778456.197,-919.8752390933769
2001-08-31T00:00:00Z,12-20 years,219981.836,-253.11917191800407,2778456.197,-919.8752390933769
2001-08-31T00:00:00Z,2-4 years,270224.352,-66.20812668408595,2778456.197,-919.8752390933769
2001-08-31T00:00:00Z,20+ years,273571.815,-316.1828474992225,2778456.197,-919.8752390933769
2001-08-31T00:00:00Z,4-8 years,330973.799,-128.36769421984914,2778456.197,-919.8752390933769
2001-08-31T00:00:00Z,8-12 years,125363.309,-91.38032266928549,2778456.197,-919.8752390933769
2001-08-31T00:00:00Z,less than a year,1137399.384,-27.600019020847732,2778456.197,-919.8752390933769
2001-09-30T00:00:00Z,1-2 years,393133.456,-33.232887128734404,2747405.126,-905.9168972166872
2001-09-30T00:00:00Z,12-20 years,219981.836,-251.0984297702804,2747405.126,-905.9168972166872
2001-09-30T00:00:00Z,2-4 years,270224.352,-64.26163636248182,2747405.126,-905.9168972166872
2001-09-30T00:00:00Z,20+ years,273571.815,-314.32083295609834,2747405.126,-905.9168972166872
2001-09-30T00:00:00Z,4-8 years,330973.819,-126.20482004985675,2747405.126,-905.9168972166872
2001-09-30T00:00:00Z,8-12 years,125363.309,-90.32579839638649,2747405.126,-905.9168972166872
2001-09-30T00:00:00Z,less than a year,1134156.539,-26.472492552848898,2747405.126,-905.9168972166872
2001-10-31T00:00:00Z,1-2 years,413006.195,-32.51910496579553,2766255.901,-894.338798109929
2001-10-31T00:00:00Z,12-20 years,218981.636,-247.77586503624974,2766255.901,-894.338798109929
2001-10-31T00:00:00Z,2-4 years,270224.352,-62.41444390642271,2766255.901,-894.338798109929
2001-10-31T00:00:00Z,20+ years,272071.815,-310.60504213565196,2766255.901,-894.338798109929
2001-10-31T00:00:00Z,4-8 years,330973.819,-123.85485866093352,2766255.901,-894.338798109929
2001-10-31T00:00:00Z,8-12 years,131363.347,-92.33466626139962,2766255.901,-894.338798109929
2001-10-31T00:00:00Z,less than a year,1129634.737,-24.834817143476013,2766255.901,-894.338798109929
2001-11-30T00:00:00Z,1-2 years,435714.881,-33.775291001333024,2835730.163,-893.9184023057521
2001-11-30T00:00:00Z,12-20 years,247928.83000000002,-282.4430398507029,2835730.163,-893.9184023057521
2001-11-30T00:00:00Z,2-4 years,287611.731,-67.93811983286554,2835730.163,-893.9184023057521
2001-11-30T00:00:00Z,20+ years,241374.621,-272.0475927298522,2835730.163,-893.9184023057521
2001-11-30T00:00:00Z,4-8 years,310703.428,-118.34405332198112,2835730.163,-893.9184023057521
2001-11-30T00:00:00Z,8-12 years,135755.143,-92.80687472207843,2835730.163,-893.9184023057521
2001-11-30T00:00:00Z,less than a year,1176641.529,-26.56343084693885,2835730.163,-893.9184023057521
2001-12-31T00:00:00Z,1-2 years,438203.21499999997,-32.376260006816146,2827829.149,-877.3202992195587
2001-12-31T00:00:00Z,12-20 years,246055.43,-277.8657088965052,2827829.149,-877.3202992195587
2001-12-31T00:00:00Z,2-4 years,287611.731,-65.85022655080384,2827829.149,-877.3202992195587
2001-12-31T00:00:00Z,20+ years,239864.621,-268.6314930852741,2827829.149,-877.3202992195587
2001-12-31T00:00:00Z,4-8 years,310703.447,-116.26900671295533,2827829.149,-877.3202992195587
2001-12-31T00:00:00Z,8-12 years,134884.996,-90.7394011707345,2827829.149,-877.3202992195587
2001-12-31T00:00:00Z,less than a year,1170505.709,-25.588202796469638,2827829.149,-877.3202992195587
2002-01-31T00:00:00Z,1-2 years,442106.61,-31.740695595199192,2807252.962,-886.8455836067058
2002-01-31T00:00:00Z,12-20 years,246055.43,-281.4337901501224,2807252.962,-886.8455836067058
2002-01-31T00:00:00Z,2-4 years,287611.731,-65.65686079222985,2807252.962,-886.8455836067058
2002-01-31T00:00:00Z,20+ years,239864.621,-273.3016812430748,2807252.962,-886.8455836067058
2002-01-31T00:00:00Z,4-8 years,310703.447,-116.69933865820623,2807252.962,-886.8455836067058
2002-01-31T00:00:00Z,8-12 years,134884.996,-92.12775715899579,2807252.962,-886.8455836067058
2002-01-31T00:00:00Z,less than a year,1146026.127,-25.885460008877477,2807252.962,-886.8455836067058
2002-02-28T00:00:00Z,1-2 years,417759.272,-30.172353509610492,2873120.65,-894.0177477095067
2002-02-28T00:00:00Z,12-20 years,246055.43,-281.4946666104982,2873120.65,-894.0177477095067
2002-02-28T00:00:00Z,2-4 years,308844.225,-68.619170299846715,2873120.65,-894.0177477095067
2002-02-28T00:00:00Z,20+ years,239864.621,-276.0088338704465,2873120.65,-894.0177477095067
2002-02-28T00:00:00Z,4-8 years,328449.666,-126.10695682692823,2873120.65,-894.0177477095067
2002-02-28T00:00:00Z,8-12 years,122603.333,-83.98096308603927,2873120.65,-894.0177477095067
2002-02-28T00:00:00Z,less than a year,1209544.103,-27.63480350613734,2873120.65,-894.0177477095067
2002-03-31T00:00:00Z,1-2 years,421149.9,-29.011268968389935,2842751.015,-883.3651744625098
2002-03-31T00:00:00Z,12-20 years,246055.43,-281.11522796570586,2842751.015,-883.3651744625098
2002-03-31T00:00:00Z,2-4 years,277102.929,-64.76095917445403,2842751.015,-883.3651744625098
2002-03-31T00:00:00Z,20+ years,239864.621,-274.3706183287869,2842751.015,-883.3651744625098
2002-03-31T00:00:00Z,4-8 years,328449.666,-124.92653035174082,2842751.015,-883.3651744625098
2002-03-31T00:00:00Z,8-12 years,122603.333,-83.23674224994777,2842751.015,-883.3651744625098
2002-03-31T00:00:00Z,less than a year,1207525.136,-25.943827423484528,2842751.015,-883.3651744625098
2002-04-30T00:00:00Z,1-2 years,425175.663,-28.542533584872185,2831761.853,-870.1380385353376
2002-04-30T00:00:00Z,12-20 years,243905.43,-276.35509564861087,2831761.853,-870.1380385353376
2002-04-30T00:00:00Z,2-4 years,309761.796,-65.37390336668068,2831761.853,-870.1380385353376
2002-04-30T00:00:00Z,20+ years,238264.621,-270.8593929098335,2831761.853,-870.1380385353376
2002-04-30T00:00:00Z,4-8 years,328449.666,-123.05611226047688,2831761.853,-870.1380385353376
2002-04-30T00:00:00Z,8-12 years,122603.333,-82.28214385821754,2831761.853,-870.1380385353376
2002-04-30T00:00:00Z,less than a year,1163601.344,-23.668856906645967,2831761.853,-870.1380385353376
2002-05-31T00:00:00Z,1-2 years,465790.384,-32.81608812916563,2883341.113,-877.9413291475803
2002-05-31T00:00:00Z,12-20 years,239424.663,-270.25033299244876,2883341.113,-877.9413291475803
2002-05-31T00:00:00Z,2-4 years,317099.907,-68.69115273047997,2883341.113,-877.9413291475803
2002-05-31T00:00:00Z,20+ years,238264.621,-271.29810255781314,2883341.113,-877.9413291475803
2002-05-31T00:00:00Z,4-8 years,311975.15,-118.69776565048616,2883341.113,-877.9413291475803
2002-05-31T00:00:00Z,8-12 years,135487.228,-91.16313127168905,2883341.113,-877.9413291475803
2002-05-31T00:00:00Z,less than a year,1175299.16,-25.024755815497624,2883341.113,-877.9413291475803
2002-06-30T00:00:00Z,1-2 years,472623.599,-31.936530093410315,2862297.05,-865.5125946471954
2002-06-30T00:00:00Z,12-20 years,239424.663,-268.10295929726675,2862297.05,-865.5125946471954
2002-06-30T00:00:00Z,2-4 years,283795.573,-64.15442384865422,2862297.05,-865.5125946471954
2002-06-30T00:00:00Z,20+ years,238264.621,-269.7246271428937,2862297.05,-865.5125946471954
2002-06-30T00:00:00Z,4-8 years,311975.21,-116.71938725724364,2862297.05,-865.5125946471954
2002-06-30T00:00:00Z,8-12 years,135487.243,-90.11858379776041,2862297.05,-865.5125946471954
2002-06-30T00:00:00Z,less than a year,1180726.141,-24.756083209966324,2862297.05,-865.5125946471954
2002-07-31T00:00:00Z,1-2 years,478875.787,-30.824953586191477,2942117.532,-856.5361689402154
2002-07-31T00:00:00Z,12-20 years,239424.663,-265.88400647891206,2942117.532,-856.5361689402154
2002-07-31T00:00:00Z,2-4 years,339790.524,-71.0307306540443,2942117.532,-856.5361689402154
2002-07-31T00:00:00Z,20+ years,238264.621,-268.09870254747705,2942117.532,-856.5361689402154
2002-07-31T00:00:00Z,4-8 years,289234.764,-107.59405989478729,2942117.532,-856.5361689402154
2002-07-31T00:00:00Z,8-12 years,135487.243,-89.03921013659195,2942117.532,-856.5361689402154
2002-07-31T00:00:00Z,less than a year,1221039.93,-24.0645056422112,2942117.532,-856.5361689402154
2002-08-31T00:00:00Z,1-2 years,480194.489,-32.12116569169078,2963961.178,-860.714013802304
2002-08-31T00:00:00Z,12-20 years,245164.461,-271.1741456303155,2963961.178,-860.714013802304
2002-08-31T00:00:00Z,2-4 years,271099.383,-61.207450143931894,2963961.178,-860.714013802304
2002-08-31T00:00:00Z,20+ years,228136.831,-255.27376201427498,2963961.178,-860.714013802304
2002-08-31T00:00:00Z,4-8 years,337083.202,-121.99017542740027,2963961.178,-860.714013802304
2002-08-31T00:00:00Z,8-12 years,137085.617,-91.95174807376763,2963961.178,-860.714013802304
2002-08-31T00:00:00Z,less than a year,1265197.195,-26.995566820922896,2963961.178,-860.714013802304
2002-09-30T00:00:00Z,1-2 years,496070.868,-31.21459328631831,2982729.429,-850.9134497025798
2002-09-30T00:00:00Z,12-20 years,245164.461,-269.00747004089584,2982729.429,-850.9134497025798
2002-09-30T00:00:00Z,2-4 years,305756.784,-60.8749433257319,2982729.429,-850.9134497025798
2002-09-30T00:00:00Z,20+ years,228136.831,-253.77657999101788,2982729.429,-850.9134497025798
2002-09-30T00:00:00Z,4-8 years,337083.202,-119.9568794015716,2982729.429,-850.9134497025798
2002-09-30T00:00:00Z,8-12 years,137085.617,-90.8976444645063,2982729.429,-850.9134497025798
2002-09-30T00:00:00Z,less than a year,1233431.666,-25.18533919253795,2982729.429,-850.9134497025798
2002-10-31T00:00:00Z,1-2 years,508050.92100000003,-30.23004996364202,3002191.496,-841.3739860287152
2002-10-31T00:00:00Z,12-20 years,245164.461,-266.76857193182883,3002191.496,-841.3739860287152
2002-10-31T00:00:00Z,2-4 years,325999.653,-65.65235359581223,3002191.496,-841.3739860287152
2002-10-31T00:00:00Z,20+ years,228136.831,-252.2294919003188,3002191.496,-841.3739860287152
2002-10-31T00:00:00Z,4-8 years,314623.527,-111.30621669068572,3002191.496,-841.3739860287152
2002-10-31T00:00:00Z,8-12 years,137085.617,-89.80840406826958,3002191.496,-841.3739860287152
2002-10-31T00:00:00Z,less than a year,1243130.486,-25.378897878158,3002191.496,-841.3739860287152
2002-11-30T00:00:00Z,1-2 years,544790.883,-35.72501234665799,3031764.116,-843.0132836106412
2002-11-30T00:00:00Z,12-20 years,247572.803,-269.0823864695766,3031764.116,-843.0132836106412
2002-11-30T00:00:00Z,2-4 years,273605.476,-59.13407750520818,3031764.116,-843.0132836106412
2002-11-30T00:00:00Z,20+ years,220713.205,-242.18798203987268,3031764.116,-843.0132836106412
2002-11-30T00:00:00Z,4-8 years,305141.391,-111.70894134081676,3031764.116,-843.0132836106412
2002-11-30T00:00:00Z,8-12 years,156132.273,-99.4900700015665,3031764.116,-843.0132836106412
2002-11-30T00:00:00Z,less than a year,1283808.085,-25.684813906942487,3031764.116,-843.0132836106412
2002-12-31T00:00:00Z,1-2 years,551491.677,-34.28169070488657,3058287.006,-832.5993218900941
2002-12-31T00:00:00Z,12-20 years,247572.803,-266.84598406277837,3058287.006,-832.5993218900941
2002-12-31T00:00:00Z,2-4 years,306810.256,-58.71267334506171,3058287.006,-832.5993218900941
2002-12-31T00:00:00Z,20+ years,220713.205,-240.70166973726802,3058287.006,-832.5993218900941
2002-12-31T00:00:00Z,4-8 years,305141.391,-109.78324394897129,3058287.006,-832.5993218900941
2002-12-31T00:00:00Z,8-12 years,156132.273,-98.30749314779999,3058287.006,-832.5993218900941
2002-12-31T00:00:00Z,less than a year,1270425.401,-23.96656694332809,3058287.006,-832.5993218900941
2003-01-31T00:00:00Z,1-2 years,555028.052,-33.29081418896783,3044148.341,-841.4725513147164
2003-01-31T00:00:00Z,12-20 years,247572.803,-270.39809767065947,3044148.341,-841.4725513147164
2003-01-31T00:00:00Z,2-4 years,307443.508,-58.44242315699458,3044148.341,-841.4725513147164
2003-01-31T00:00:00Z,20+ years,220713.205,-244.87313774858654,3044148.341,-841.4725513147164
2003-01-31T00:00:00Z,4-8 years,305141.391,-110.08450397581665,3044148.341,-841.4725513147164
2003-01-31T00:00:00Z,8-12 years,156132.273,-99.65165475006023,3044148.341,-841.4725513147164
2003-01-31T00:00:00Z,less than a year,1252117.109,-24.73191982363115,3044148.341,-841.4725513147164
2003-02-28T00:00:00Z,1-2 years,541146.08,-32.32513768469241,3120996.186,-852.9166066169896
2003-02-28T00:00:00Z,12-20 years,252834.565,-276.135537126206,3120996.186,-852.9166066169896
2003-02-28T00:00:00Z,2-4 years,308208.591,-58.0700536004519,3120996.186,-852.9166066169896
2003-02-28T00:00:00Z,20+ years,204931.144,-229.68074434063598,3120996.186,-852.9166066169896
2003-02-28T00:00:00Z,4-8 years,342963.257,-120.66920141285233,3120996.186,-852.9166066169896
2003-02-28T00:00:00Z,8-12 years,162714.639,-109.53392610107576,3120996.186,-852.9166066169896
2003-02-28T00:00:00Z,less than a year,1308197.91,-26.50200635107528,3120996.186,-852.9166066169896
2003-03-31T00:00:00Z,1-2 years,544731.912,-30.686110987823273,3163614.1,-844.8402632747519
2003-03-31T00:00:00Z,12-20 years,252834.565,-275.56549646708385,3163614.1,-844.8402632747519
2003-03-31T00:00:00Z,2-4 years,308087.883,-56.8387571240948,3163614.1,-844.8402632747519
2003-03-31T00:00:00Z,20+ years,204931.144,-228.31516427663254,3163614.1,-844.8402632747519
2003-03-31T00:00:00Z,4-8 years,342963.302,-119.39458544861304,3163614.1,-844.8402632747519
2003-03-31T00:00:00Z,8-12 years,162714.639,-108.62329907610888,3163614.1,-844.8402632747519
2003-03-31T00:00:00Z,less than a year,1347350.655,-25.416849894395583,3163614.1,-844.8402632747519
2003-04-30T00:00:00Z,1-2 years,547069.571,-28.856674936172997,3146847.463,-833.6721688593918
2003-04-30T00:00:00Z,12-20 years,252834.565,-273.40737285747497,3146847.463,-833.6721688593918
2003-04-30T00:00:00Z,2-4 years,307170.21,-55.266950398496064,3146847.463,-833.6721688593918
2003-04-30T00:00:00Z,20+ years,204931.144,-226.99363518243567,3146847.463,-833.6721688593918
2003-04-30T00:00:00Z,4-8 years,342963.302,-117.40575318279473,3146847.463,-833.6721688593918
2003-04-30T00:00:00Z,8-12 years,162714.639,-107.4017617748091,3146847.463,-833.6721688593918
2003-04-30T00:00:00Z,less than a year,1329164.0320000001,-24.34002052720826,3146847.463,-833.6721688593918
2003-05-31T00:00:00Z,1-2 years,559152.003,-31.796642305782846,3157002.937,-838.5194965052302
2003-05-31T00:00:00Z,12-20 years,252834.565,-273.1850581912912,3157002.937,-838.5194965052302
2003-05-31T00:00:00Z,2-4 years,286013.144,-55.16222839168741,3157002.937,-838.5194965052302
2003-05-31T00:00:00Z,20+ years,204931.144,-227.44263986328647,3157002.937,-838.5194965052302
2003-05-31T00:00:00Z,4-8 years,326536.882,-113.09646174373724,3157002.937,-838.5194965052302
2003-05-31T00:00:00Z,8-12 years,177423.68899999998,-110.71202375516218,3157002.937,-838.5194965052302
2003-05-31T00:00:00Z,less than a year,1350111.51,-27.124442254282894,3157002.937,-838.5194965052302
2003-06-30T00:00:00Z,1-2 years,556875.439,-29.722794298854026,3223930.899,-831.0640459509142
2003-06-30T00:00:00Z,12-20 years,252834.565,-271.029932847842,3223930.899,-831.0640459509142
2003-06-30T00:00:00Z,2-4 years,317715.71499999997,-54.40231881050089,3223930.899,-831.0640459509142
2003-06-30T00:00:00Z,20+ years,204931.144,-226.12111076908957,3223930.899,-831.0640459509142
2003-06-30T00:00:00Z,4-8 years,341536.829,-113.5638417348355,3223930.899,-831.0640459509142
2003-06-30T00:00:00Z,8-12 years,177423.68899999998,-109.47176636948011,3223930.899,-831.0640459509142
2003-06-30T00:00:00Z,less than a year,1372613.518,-26.752281120312016,3223930.899,-831.0640459509142
2003-07-31T00:00:00Z,1-2 years,554526.852,-27.710242302653583,3247180.991,-821.0087661251424
2003-07-31T00:00:00Z,12-20 years,252834.565,-268.7998717845795,3247180.991,-821.0087661251424
2003-07-31T00:00:00Z,2-4 years,316012.54,-52.624262073083635,3247180.991,-821.0087661251424
2003-07-31T00:00:00Z,20+ years,204931.144,-224.7555307050861,3247180.991,-821.0087661251424
2003-07-31T00:00:00Z,4-8 years,341536.634,-111.57871058484167,3247180.991,-821.0087661251424
2003-07-31T00:00:00Z,8-12 years,177423.68899999998,-108.19016707094194,3247180.991,-821.0087661251424
2003-07-31T00:00:00Z,less than a year,1399915.567,-27.349981603955982,3247180.991,-821.0087661251424
2003-08-31T00:00:00Z,1-2 years,540109.525,-27.510225312555228,3269464.088,-828.04273859888
2003-08-31T00:00:00Z,12-20 years,271469.693,-286.1675259047035,3269464.088,-828.04273859888
2003-08-31T00:00:00Z,2-4 years,340697.844,-59.18001787079572,3269464.088,-828.04273859888
2003-08-31T00:00:00Z,20+ years,182272.1,-202.59656237142448,3269464.088,-828.04273859888
2003-08-31T00:00:00Z,4-8 years,336379.228,-113.99596309946648,3269464.088,-828.04273859888
2003-08-31T00:00:00Z,8-12 years,175333.094,-110.48911720856816,3269464.088,-828.04273859888
2003-08-31T00:00:00Z,less than a year,1423202.604,-28.103326831366363,3269464.088,-828.04273859888
2003-09-30T00:00:00Z,1-2 years,536160.306,-26.45973881689923,3294476.024,-826.9290912459047
2003-09-30T00:00:00Z,12-20 years,271469.693,-283.9066772273903,3294476.024,-826.9290912459047
2003-09-30T00:00:00Z,2-4 years,372237.089,-58.66572454162661,3294476.024,-826.9290912459047
2003-09-30T00:00:00Z,20+ years,182272.1,-201.42218177336986,3294476.024,-826.9290912459047
2003-09-30T00:00:00Z,4-8 years,352381.405,-115.08626606433079,3294476.024,-826.9290912459047
2003-09-30T00:00:00Z,8-12 years,188333.412,-115.17059370244476,3294476.024,-826.9290912459047
2003-09-30T00:00:00Z,less than a year,1391622.019,-26.21790911984322,3294476.024,-826.9290912459047
2003-10-31T00:00:00Z,1-2 years,533043.74,-25.311981820648704,3343385.925,-820.1075387173448
2003-10-31T00:00:00Z,12-20 years,271469.693,-281.5704669274999,3343385.925,-820.1075387173448
2003-10-31T00:00:00Z,2-4 years,373066.675,-56.56432648926453,3343385.925,-820.1075387173448
2003-10-31T00:00:00Z,20+ years,182272.1,-200.20865515538011,3343385.925,-820.1075387173448
2003-10-31T00:00:00Z,4-8 years,368377.107,-116.05639105917813,3343385.925,-820.1075387173448
2003-10-31T00:00:00Z,8-12 years,188333.412,-113.8232285647777,3343385.925,-820.1075387173448
2003-10-31T00:00:00Z,less than a year,1426823.198,-26.572488700595784,3343385.925,-820.1075387173448
2003-11-30T00:00:00Z,1-2 years,520911.562,-25.374896689419003,3360288.593,-822.1689408283897
2003-11-30T00:00:00Z,12-20 years,265884.83400000003,-275.36399810068434,3360288.593,-822.1689408283897
2003-11-30T00:00:00Z,2-4 years,347276.011,-53.89731382968371,3360288.593,-822.1689408283897
2003-11-30T00:00:00Z,20+ years,182272.1,-199.3165429636486,3360288.593,-822.1689408283897
2003-11-30T00:00:00Z,4-8 years,362064.927,-116.59112717958216,3360288.593,-822.1689408283897
2003-11-30T00:00:00Z,8-12 years,208505.762,-122.80359630610324,3360288.593,-822.1689408283897
2003-11-30T00:00:00Z,less than a year,1473373.397,-28.821465759268687,3360288.593,-822.1689408283897
2003-12-31T00:00:00Z,1-2 years,520244.048,-24.52759801178384,3398859.835,-820.4659009480845
2003-12-31T00:00:00Z,12-20 years,265884.83400000003,-273.08700174420625,3398859.835,-820.4659009480845
2003-12-31T00:00:00Z,2-4 years,381264.114,-53.74598327897527,3398859.835,-820.4659009480845
2003-12-31T00:00:00Z,20+ years,182272.1,-198.10301634565883,3398859.835,-820.4659009480845
2003-12-31T00:00:00Z,4-8 years,378064.955,-117.72239344641373,3398859.835,-820.4659009480845
2003-12-31T00:00:00Z,8-12 years,220506.67,-126.84090498495945,3398859.835,-820.4659009480845
2003-12-31T00:00:00Z,less than a year,1450623.114,-26.439003136087056,3398859.835,-820.4659009480845
2004-01-31T00:00:00Z,1-2 years,521037.01,-24.359796415336262,3363163.9,-830.3185052653774
2004-01-31T00:00:00Z,12-20 years,265884.83400000003,-276.69853714273063,3363163.9,-830.3185052653774
2004-01-31T00:00:00Z,2-4 years,347272.351,-51.693956813934214,3363163.9,-830.3185052653774
2004-01-31T00:00:00Z,20+ years,182272.1,-201.19411220892724,3363163.9,-830.3185052653774
2004-01-31T00:00:00Z,4-8 years,394067.516,-121.15591057279298,3363163.9,-830.3185052653774
2004-01-31T00:00:00Z,8-12 years,220506.67,-128.53406759118397,3363163.9,-830.3185052653774
2004-01-31T00:00:00Z,less than a year,1432123.419,-26.682124520472208,3363163.9,-830.3185052653774
2004-02-29T00:00:00Z,1-2 years,526167.823,-25.488134467743247,3443480.537,-839.1564903576577
2004-02-29T00:00:00Z,12-20 years,260453.08000000002,-271.75932925611954,3443480.537,-839.1564903576577
2004-02-29T00:00:00Z,2-4 years,393544.807,-56.76979853772185,3443480.537,-839.1564903576577
2004-02-29T00:00:00Z,20+ years,182272.1,-201.38167012813656,3443480.537,-839.1564903576577
2004-02-29T00:00:00Z,4-8 years,395208.44,-126.32959443693535,3443480.537,-839.1564903576577
2004-02-29T00:00:00Z,8-12 years,218240.125,-130.35870081278398,3443480.537,-839.1564903576577
2004-02-29T00:00:00Z,less than a year,1467594.162,-27.06926271821727,3443480.537,-839.1564903576577
2004-03-31T00:00:00Z,1-2 years,559177.357,-25.908779042638887,3532725.003,-839.6809522720765
2004-03-31T00:00:00Z,12-20 years,260453.08000000002,-271.14671081121634,3532725.003,-839.6809522720765
2004-03-31T00:00:00Z,2-4 years,393544.807,-55.366936414492116,3532725.003,-839.6809522720765
2004-03-31T00:00:00Z,20+ years,182272.1,-200.44793507264848,3532725.003,-839.6809522720765
2004-03-31T00:00:00Z,4-8 years,411209.493,-127.41302809812372,3532725.003,-839.6809522720765
2004-03-31T00:00:00Z,8-12 years,229239.652,-134.04409017516002,3532725.003,-839.6809522720765
2004-03-31T00:00:00Z,less than a year,1496828.514,-25.35347265779696,3532725.003,-839.6809522720765
2004-04-30T00:00:00Z,1-2 years,558301.013,-25.54463616432934,3498863.391,-833.1405634220421
2004-04-30T00:00:00Z,12-20 years,260453.08000000002,-268.99537142533165,3498863.391,-833.1405634220421
2004-04-30T00:00:00Z,2-4 years,393544.807,-53.799566528459266,3498863.391,-833.1405634220421
2004-04-30T00:00:00Z,20+ years,182272.1,-199.2735544745939,3498863.391,-833.1405634220421
2004-04-30T00:00:00Z,4-8 years,427212.298,-128.3094901903051,3498863.391,-833.1405634220421
2004-04-30T00:00:00Z,8-12 years,229239.652,-132.55900053669802,3498863.391,-833.1405634220421
2004-04-30T00:00:00Z,less than a year,1447840.441,-24.6589441023248,3498863.391,-833.1405634220421
2004-05-31T00:00:00Z,1-2 years,542647.1039999999,-25.96582078775509,3511415.905,-838.2384270767207
2004-05-31T00:00:00Z,12-20 years,241629.529,-253.5229642119892,3511415.905,-838.2384270767207
2004-05-31T00:00:00Z,2-4 years,415433.396,-59.65280156093264,3511415.905,-838.2384270767207
2004-05-31T00:00:00Z,20+ years,182272.1,-199.56318649638354,3511415.905,-838.2384270767207
2004-05-31T00:00:00Z,4-8 years,380137.152,-116.89503160632447,3511415.905,-838.2384270767207
2004-05-31T00:00:00Z,8-12 years,265360.906,-156.34626136903407,3511415.905,-838.2384270767207
2004-05-31T00:00:00Z,less than a year,1483935.718,-26.292361044301696,3511415.905,-838.2384270767207
2004-06-30T00:00:00Z,1-2 years,575525.215,-27.814535003177983,3554982.614,-838.4153511804341
2004-06-30T00:00:00Z,12-20 years,241629.529,-251.51342402898266,3554982.614,-838.4153511804341
2004-06-30T00:00:00Z,2-4 years,415433.396,-57.91249599253782,3554982.614,-838.4153511804341
2004-06-30T00:00:00Z,20+ years,182272.1,-198.38880589832897,3554982.614,-838.4153511804341
2004-06-30T00:00:00Z,4-8 years,395141.906,-118.51283560695681,3554982.614,-838.4153511804341
2004-06-30T00:00:00Z,8-12 years,275366.185,-159.74296330203217,3554982.614,-838.4153511804341
2004-06-30T00:00:00Z,less than a year,1469614.283,-24.53029134841771,3554982.614,-838.4153511804341
2004-07-31T00:00:00Z,1-2 years,566560.939,-29.139457108544857,3552489.55,-830.575281509963
2004-07-31T00:00:00Z,12-20 years,241629.529,-249.43689917320927,3552489.55,-830.575281509963
2004-07-31T00:00:00Z,2-4 years,392692.95,-52.653589327452195,3552489.55,-830.575281509963
2004-07-31T00:00:00Z,20+ years,182272.1,-197.1752792803392,3552489.55,-830.575281509963
2004-07-31T00:00:00Z,4-8 years,410146.868,-119.62640281728375,3552489.55,-830.575281509963
2004-07-31T00:00:00Z,8-12 years,275366.184,-157.91032322842696,3552489.55,-830.575281509963
2004-07-31T00:00:00Z,less than a year,1483820.98,-24.633330574706797,3552489.55,-830.575281509963
2004-08-31T00:00:00Z,1-2 years,603027.032,-29.907786684174486,3617245.468,-838.6765871212144
2004-08-31T00:00:00Z,12-20 years,241629.529,-248.74746346010227,3617245.468,-838.6765871212144
2004-08-31T00:00:00Z,2-4 years,410814.785,-54.771583063319646,3617245.468,-838.6765871212144
2004-08-31T00:00:00Z,20+ years,182272.1,-197.40286450618902,3617245.468,-838.6765871212144
2004-08-31T00:00:00Z,4-8 years,425732.056,-125.88047014436802,3617245.468,-838.6765871212144
2004-08-31T00:00:00Z,8-12 years,271439.599,-156.717209523858,3617245.468,-838.6765871212144
2004-08-31T00:00:00Z,less than a year,1482330.367,-25.249209739203017,3617245.468,-838.6765871212144
2004-09-30T00:00:00Z,1-2 years,604089.647,-29.393377853128047,3622966.949,-837.292815145573
2004-09-30T00:00:00Z,12-20 years,241629.529,-246.7379232770958,3622966.949,-837.292815145573
2004-09-30T00:00:00Z,2-4 years,426816.942,-55.52695017664986,3622966.949,-837.292815145573
2004-09-30T00:00:00Z,20+ years,182272.1,-196.22848390813442,3622966.949,-837.292815145573
2004-09-30T00:00:00Z,4-8 years,424734.958,-124.31356087223074,3622966.949,-837.292815145573
2004-09-30T00:00:00Z,8-12 years,280439.827,-159.06221583317227,3622966.949,-837.292815145573
2004-09-30T00:00:00Z,less than a year,1462983.946,-26.03030322516182,3622966.949,-837.292815145573
2004-10-31T00:00:00Z,1-2 years,595010.7559999999,-30.168164057160556,3626001.25,-827.6197101014502
2004-10-31T00:00:00Z,12-20 years,241629.529,-244.6613984213224,3626001.25,-827.6197101014502
2004-10-31T00:00:00Z,2-4 years,420352.969,-52.97873318272316,3626001.25,-827.6197101014502
2004-10-31T00:00:00Z,20+ years,182272.1,-195.01495729014468,3626001.25,-827.6197101014502
2004-10-31T00:00:00Z,4-8 years,423744.347,-122.686377222558,3626001.25,-827.6197101014502
2004-10-31T00:00:00Z,8-12 years,280439.827,-157.2042591283122,3626001.25,-827.6197101014502
2004-10-31T00:00:00Z,less than a year,1482551.722,-24.905820799229183,3626001.25,-827.6197101014502
2004-11-30T00:00:00Z,1-2 years,640903.895,-32.958022700129696,3704558.018,-834.1783582050758
2004-11-30T00:00:00Z,12-20 years,232446.24300000002,-240.01732955266044,3704558.018,-834.1783582050758
2004-11-30T00:00:00Z,2-4 years,429009.303,-58.437133669503666,3704558.018,-834.1783582050758
2004-11-30T00:00:00Z,20+ years,172667.938,-182.934425031821,3704558.018,-834.1783582050758
2004-11-30T00:00:00Z,4-8 years,423269.815,-128.66342751580737,3704558.018,-834.1783582050758
2004-11-30T00:00:00Z,8-12 years,287461.004,-164.6127717273371,3704558.018,-834.1783582050758
2004-11-30T00:00:00Z,less than a year,1518799.82,-26.55524800781655,3704558.018,-834.1783582050758
2004-12-31T00:00:00Z,1-2 years,640650.471,-32.62505119290333,3699719.802,-832.1010841579715
2004-12-31T00:00:00Z,12-20 years,232446.24300000002,-238.01475399229574,3699719.802,-832.1010841579715
2004-12-31T00:00:00Z,2-4 years,445009.33,-59.27448143392682,3699719.802,-832.1010841579715
2004-12-31T00:00:00Z,20+ years,172667.938,-181.79823685378528,3699719.802,-832.1010841579715
2004-12-31T00:00:00Z,4-8 years,422272.272,-126.951528771287,3699719.802,-832.1010841579715
2004-12-31T00:00:00Z,8-12 years,296461.066,-166.8216238254769,3699719.802,-832.1010841579715
2004-12-31T00:00:00Z,less than a year,1490212.482,-26.615408088296444,3699719.802,-832.1010841579715
2005-01-31T00:00:00Z,1-2 years,635682.625,-32.707931634983936,3693582.337,-841.3596595961664
2005-01-31T00:00:00Z,12-20 years,232446.24300000002,-241.15943290743394,3693582.337,-841.3596595961664
2005-01-31T00:00:00Z,2-4 years,461011.876,-60.87251888648451,3693582.337,-841.3596595961664
2005-01-31T00:00:00Z,20+ years,172667.938,-184.8883199455014,3693582.337,-841.3596595961664
2005-01-31T00:00:00Z,4-8 years,421274.508,-128.23483995766102,3693582.337,-841.3596595961664
2005-01-31T00:00:00Z,8-12 years,296461.066,-168.35127809562144,3693582.337,-841.3596595961664
2005-01-31T00:00:00Z,less than a year,1474038.081,-25.14533816848013,3693582.337,-841.3596595961664
2005-02-28T00:00:00Z,1-2 years,653459.069,-34.349109980662384,3773843.524,-850.2583822089398
2005-02-28T00:00:00Z,12-20 years,241955.413,-253.00206154069193,3773843.524,-850.2583822089398
2005-02-28T00:00:00Z,2-4 years,463757.707,-61.18441446211377,3773843.524,-850.2583822089398
2005-02-28T00:00:00Z,20+ years,163158.768,-173.93432612149996,3773843.524,-850.2583822089398
2005-02-28T00:00:00Z,4-8 years,437640.915,-133.2973090383313,3773843.524,-850.2583822089398
2005-02-28T00:00:00Z,8-12 years,292177.257,-168.25756109264807,3773843.524,-850.2583822089398
2005-02-28T00:00:00Z,less than a year,1521694.395,-26.23359997299238,3773843.524,-850.2583822089398
2005-03-31T00:00:00Z,1-2 years,651460.787,-34.58632523107135,3822883.622,-852.5601698169577
2005-03-31T00:00:00Z,12-20 years,241955.413,-252.35760568440793,3822883.622,-852.5601698169577
2005-03-31T00:00:00Z,2-4 years,479758.82,-61.78929714484525,3822883.622,-852.5601698169577
2005-03-31T00:00:00Z,20+ years,163158.768,-172.8759876763135,3822883.622,-852.5601698169577
2005-03-31T00:00:00Z,4-8 years,436644.9,-132.84854198313838,3822883.622,-852.5601698169577
2005-03-31T00:00:00Z,8-12 years,301177.661,-171.28634786889214,3822883.622,-852.5601698169577
2005-03-31T00:00:00Z,less than a year,1548727.273,-26.816064228289157,3822883.622,-852.5601698169577
2005-04-30T00:00:00Z,1-2 years,617119.903,-32.2023052876385,3735802.709,-842.4380522722212
2005-04-30T00:00:00Z,12-20 years,241955.413,-250.34429088452342,3735802.709,-842.4380522722212
2005-04-30T00:00:00Z,2-4 years,495761.625,-62.436345554835086,3735802.709,-842.4380522722212
2005-04-30T00:00:00Z,20+ years,163158.768,-171.8517891809718,3735802.709,-842.4380522722212
2005-04-30T00:00:00Z,4-8 years,435643.589,-131.78075699310006,3735802.709,-842.4380522722212
2005-04-30T00:00:00Z,8-12 years,301177.661,-169.3836086944356,3735802.709,-842.4380522722212
2005-04-30T00:00:00Z,less than a year,1480985.75,-24.4389556767167,3735802.709,-842.4380522722212
2005-05-31T00:00:00Z,1-2 years,643572.352,-37.280724086177706,3747257.752,-850.2970234598961
2005-05-31T00:00:00Z,12-20 years,226396.244,-235.07765203520205,3747257.752,-850.2970234598961
2005-05-31T00:00:00Z,2-4 years,489449.948,-64.21807744658989,3747257.752,-850.2970234598961
2005-05-31T00:00:00Z,20+ years,163158.768,-172.26956455325055,3747257.752,-850.2970234598961
2005-05-31T00:00:00Z,4-8 years,436804.032,-131.84985447616606,3747257.752,-850.2970234598961
2005-05-31T00:00:00Z,8-12 years,314954.135,-184.48960500455075,3747257.752,-850.2970234598961
2005-05-31T00:00:00Z,less than a year,1472922.273,-25.111545857959033,3747257.752,-850.2970234598961
2005-06-30T00:00:00Z,1-2 years,638928.109,-36.565192111092124,3726328.752,-847.666458593426
2005-06-30T00:00:00Z,12-20 years,226396.244,-233.20579561491218,3726328.752,-847.666458593426
2005-06-30T00:00:00Z,2-4 years,504454.902,-65.30365442875349,3726328.752,-847.666458593426
2005-06-30T00:00:00Z,20+ years,163158.768,-171.2453660579088,3726328.752,-847.666458593426
2005-06-30T00:00:00Z,4-8 years,435800.164,-129.79027392349082,3726328.752,-847.666458593426
2005-06-30T00:00:00Z,8-12 years,322955.126,-186.07038733552332,3726328.752,-847.666458593426
2005-06-30T00:00:00Z,less than a year,1434635.439,-25.485789121745274,3726328.752,-847.666458593426
2005-07-31T00:00:00Z,1-2 years,583599.105,-31.916261963802697,3728171.453,-837.053150761847
2005-07-31T00:00:00Z,12-20 years,226396.244,-231.27154398061262,3728171.453,-837.053150761847
2005-07-31T00:00:00Z,2-4 years,519459.864,-65.95464418170239,3728171.453,-837.053150761847
2005-07-31T00:00:00Z,20+ years,163158.768,-170.18702761272237,3728171.453,-837.053150761847
2005-07-31T00:00:00Z,4-8 years,433795.731,-127.87755482012408,3728171.453,-837.053150761847
2005-07-31T00:00:00Z,8-12 years,322955.126,-183.9184519968218,3728171.453,-837.053150761847
2005-07-31T00:00:00Z,less than a year,1478806.615,-25.927666206060923,3728171.453,-837.053150761847
2005-08-31T00:00:00Z,1-2 years,652943.325,-39.35235053649943,3786585.416,-845.1467975520674
2005-08-31T00:00:00Z,12-20 years,226615.093,-232.7917797816278,3786585.416,-845.1467975520674
2005-08-31T00:00:00Z,2-4 years,508723.732,-70.16146957981168,3786585.416,-845.1467975520674
2005-08-31T00:00:00Z,20+ years,151971.561,-158.41193824668946,3786585.416,-845.1467975520674
2005-08-31T00:00:00Z,4-8 years,449502.819,-142.94690279552478,3786585.416,-845.1467975520674
2005-08-31T00:00:00Z,8-12 years,302957.856,-176.02127399108676,3786585.416,-845.1467975520674
2005-08-31T00:00:00Z,less than a year,1493871.03,-25.46108262082745,3786585.416,-845.1467975520674
2005-09-30T00:00:00Z,1-2 years,647719.395,-38.71208846567264,3763647.289,-842.4148348185048
2005-09-30T00:00:00Z,12-20 years,226615.093,-230.9411532566414,3763647.289,-842.4148348185048
2005-09-30T00:00:00Z,2-4 years,523728.811,-70.50525379845494,3763647.289,-842.4148348185048
2005-09-30T00:00:00Z,20+ years,151971.561,-157.4676548066648,3763647.289,-842.4148348185048
2005-09-30T00:00:00Z,4-8 years,447498.509,-141.15174731336194,3763647.289,-842.4148348185048
2005-09-30T00:00:00Z,8-12 years,310954.996,-177.72514856933057,3763647.289,-842.4148348185048
2005-09-30T00:00:00Z,less than a year,1455158.9239999999,-25.91178860837854,3763647.289,-842.4148348185048
2005-10-31T00:00:00Z,1-2 years,620155.377,-36.60582842591982,3793163.067,-834.3146748405027
2005-10-31T00:00:00Z,12-20 years,226615.093,-229.0288391808221,3793163.067,-834.3146748405027
2005-10-31T00:00:00Z,2-4 years,538733.902,-70.73926737646805,3793163.067,-834.3146748405027
2005-10-31T00:00:00Z,20+ years,151971.561,-156.4918952519726,3793163.067,-834.3146748405027
2005-10-31T00:00:00Z,4-8 years,445494.28,-139.53335940435167,3793163.067,-834.3146748405027
2005-10-31T00:00:00Z,8-12 years,310954.981,-175.68222009974525,3793163.067,-834.3146748405027
2005-10-31T00:00:00Z,less than a year,1499237.873,-26.23326510122317,3793163.067,-834.3146748405027
2005-11-30T00:00:00Z,1-2 years,605958.685,-37.53559845762005,3843243.481,-838.2557789949523
2005-11-30T00:00:00Z,12-20 years,226615.093,-228.16573552282568,3843243.481,-838.2557789949523
2005-11-30T00:00:00Z,2-4 years,528316.196,-71.35294109622257,3843243.481,-838.2557789949523
2005-11-30T00:00:00Z,20+ years,151971.561,-155.5476118119479,3843243.481,-838.2557789949523
2005-11-30T00:00:00Z,4-8 years,469258.931,-147.325240758539,3843243.481,-838.2557789949523
2005-11-30T00:00:00Z,8-12 years,295538.95,-171.0597503472233,3843243.481,-838.2557789949523
2005-11-30T00:00:00Z,less than a year,1565584.065,-27.268901000573813,3843243.481,-838.2557789949523
2005-12-31T00:00:00Z,1-2 years,575907.018,-34.57068104318924,3807178.498,-832.9138412927086
2005-12-31T00:00:00Z,12-20 years,226615.093,-226.2534214470064,3807178.498,-832.9138412927086
2005-12-31T00:00:00Z,2-4 years,543318.681,-71.62493409808805,3807178.498,-832.9138412927086
2005-12-31T00:00:00Z,20+ years,151971.561,-154.57185225725573,3807178.498,-832.9138412927086
2005-12-31T00:00:00Z,4-8 years,467257.259,-145.59520882330673,3807178.498,-832.9138412927086
2005-12-31T00:00:00Z,8-12 years,303539.051,-172.90737194711238,3807178.498,-832.9138412927086
2005-12-31T00:00:00Z,less than a year,1538569.835,-27.390371676750185,3807178.498,-832.9138412927086
2006-01-31T00:00:00Z,1-2 years,597792.532,-37.122426452888355,3833866.794,-844.3929343860575
2006-01-31T00:00:00Z,12-20 years,226615.093,-229.60646442393954,3833866.794,-844.3929343860575
2006-01-31T00:00:00Z,2-4 years,558323.378,-73.0480798415566,3833866.794,-844.3929343860575
2006-01-31T00:00:00Z,20+ years,151971.561,-157.17579426582145,3833866.794,-844.3929343860575
2006-01-31T00:00:00Z,4-8 years,465253.901,-146.99763388745686,3833866.794,-844.3929343860575
2006-01-31T00:00:00Z,8-12 years,303538.922,-174.06465553078777,3833866.794,-844.3929343860575
2006-01-31T00:00:00Z,less than a year,1530371.407,-26.377879983606924,3833866.794,-844.3929343860575
2006-02-28T00:00:00Z,1-2 years,595148.285,-37.96951175308595,3917902.903,-870.7611503905354
2006-02-28T00:00:00Z,12-20 years,239453.009,-242.72355079371584,3917902.903,-870.7611503905354
2006-02-28T00:00:00Z,2-4 years,582153.222,-81.87759039937673,3917902.903,-870.7611503905354
2006-02-28T00:00:00Z,20+ years,153974.796,-159.4191871675546,3917902.903,-870.7611503905354
2006-02-28T00:00:00Z,4-8 years,470862.875,-151.03519521087503,3917902.903,-870.7611503905354
2006-02-28T00:00:00Z,8-12 years,289299.532,-169.9978193243194,3917902.903,-870.7611503905354
2006-02-28T00:00:00Z,less than a year,1587011.184,-27.738295741607782,3917902.903,-870.7611503905354
2006-03-31T00:00:00Z,1-2 years,589645.308,-37.40609261594834,3978396.683,-873.2031165649373
2006-03-31T00:00:00Z,12-20 years,239453.009,-241.70345434388125,3978396.683,-873.2031165649373
2006-03-31T00:00:00Z,2-4 years,597497.706,-82.70933245650478,3978396.683,-873.2031165649373
2006-03-31T00:00:00Z,20+ years,153974.79499999998,-158.45442359637917,3978396.683,-873.2031165649373
2006-03-31T00:00:00Z,4-8 years,473357.759,-150.84819941954686,3978396.683,-873.2031165649373
2006-03-31T00:00:00Z,8-12 years,297299.628,-173.36925733846334,3978396.683,-873.2031165649373
2006-03-31T00:00:00Z,less than a year,1627168.4780000001,-28.71235679421358,3978396.683,-873.2031165649373
2006-04-30T00:00:00Z,1-2 years,584485.895,-36.642118067321576,3867112.34,-857.4443663166921
2006-04-30T00:00:00Z,12-20 years,239453.009,-239.77279280807616,3867112.34,-857.4443663166921
2006-04-30T00:00:00Z,2-4 years,585653.442,-80.3374595174033,3867112.34,-857.4443663166921
2006-04-30T00:00:00Z,20+ years,153974.79499999998,-157.52078238561822,3867112.34,-857.4443663166921
2006-04-30T00:00:00Z,4-8 years,458353.647,-145.5304783585697,3867112.34,-857.4443663166921
2006-04-30T00:00:00Z,8-12 years,297299.628,-171.42941262476822,3867112.34,-857.4443663166921
2006-04-30T00:00:00Z,less than a year,1547891.924,-26.211322554934913,3867112.34,-857.4443663166921
2006-05-31T00:00:00Z,1-2 years,600688.368,-40.3354881041987,3885482.251,-872.7059253717152
2006-05-31T00:00:00Z,12-20 years,232735.57,-232.57113579768878,3885482.251,-872.7059253717152
2006-05-31T00:00:00Z,2-4 years,570481.2880000001,-80.853312914704,3885482.251,-872.7059253717152
2006-05-31T00:00:00Z,20+ years,153974.79499999998,-158.00384919581248,3885482.251,-872.7059253717152
2006-05-31T00:00:00Z,4-8 years,502490.384,-163.91040150475092,3885482.251,-872.7059253717152
2006-05-31T00:00:00Z,8-12 years,287527.301,-169.95885939903445,3885482.251,-872.7059253717152
2006-05-31T00:00:00Z,less than a year,1537584.545,-27.072878455525824,3885482.251,-872.7059253717152
2006-06-30T00:00:00Z,1-2 years,597502.643,-39.71068581421,3867159.328,-872.3682437252548
2006-06-30T00:00:00Z,12-20 years,232735.57,-230.70416420080144,3867159.328,-872.3682437252548
2006-06-30T00:00:00Z,2-4 years,585048.4,-81.19345791547225,3867159.328,-872.3682437252548
2006-06-30T00:00:00Z,20+ years,153974.79499999998,-157.07020798505152,3867159.328,-872.3682437252548
2006-06-30T00:00:00Z,4-8 years,505989.514,-164.0917685481346,3867159.328,-872.3682437252548
2006-06-30T00:00:00Z,8-12 years,295527.009,-172.43303670535414,3867159.328,-872.3682437252548
2006-06-30T00:00:00Z,less than a year,1496381.397,-27.164922556230906,3867159.328,-872.3682437252548
2006-07-31T00:00:00Z,1-2 years,597337.124,-39.27469647594683,3872652.768,-864.8614238645588
2006-07-31T00:00:00Z,12-20 years,232735.57,-228.77496021735124,3872652.768,-864.8614238645588
2006-07-31T00:00:00Z,2-4 years,597977.019,-80.97486207853206,3872652.768,-864.8614238645588
2006-07-31T00:00:00Z,20+ years,153974.79499999998,-156.10544540059854,3872652.768,-864.8614238645588
2006-07-31T00:00:00Z,4-8 years,509819.701,-163.66840988571403,3872652.768,-864.8614238645588
2006-07-31T00:00:00Z,8-12 years,295527.009,-170.43319356506646,3872652.768,-864.8614238645588
2006-07-31T00:00:00Z,less than a year,1485281.55,-25.629856241349618,3872652.768,-864.8614238645588
2006-08-31T00:00:00Z,1-2 years,563823.149,-38.793000389270574,3936087.588,-885.12174819644315
2006-08-31T00:00:00Z,12-20 years,241545.988,-237.9132720780045,3936087.588,-885.12174819644315
2006-08-31T00:00:00Z,2-4 years,617227.177,-87.32967578042845,3936087.588,-885.12174819644315
2006-08-31T00:00:00Z,20+ years,156720.357,-157.84086447369023,3936087.588,-885.12174819644315
2006-08-31T00:00:00Z,4-8 years,519028.723,-170.5085625727197,3936087.588,-885.12174819644315
2006-08-31T00:00:00Z,8-12 years,280974.069,-163.3190259765895,3936087.588,-885.12174819644315
2006-08-31T00:00:00Z,less than a year,1556768.125,-29.41734692574022,3936087.588,-885.12174819644315
2006-09-30T00:00:00Z,1-2 years,579658.184,-39.25451614398738,3861646.394,-874.4773877378989
2006-09-30T00:00:00Z,12-20 years,241545.988,-235.9845081592605,3861646.394,-874.4773877378989
2006-09-30T00:00:00Z,2-4 years,587719.1680000001,-83.06625746009,3861646.394,-874.4773877378989
2006-09-30T00:00:00Z,20+ years,156720.357,-156.9149832762523,3861646.394,-874.4773877378989
2006-09-30T00:00:00Z,4-8 years,506027.89999999997,-165.27336835173077,3861646.394,-874.4773877378989
2006-09-30T00:00:00Z,8-12 years,288974.079,-165.5723430803634,3861646.394,-874.4773877378989
2006-09-30T00:00:00Z,less than a year,1501000.718,-28.41141126621453,3861646.394,-874.4773877378989
2006-10-31T00:00:00Z,1-2 years,593562.451,-39.30668619646994,3908513.664,-872.9506878105801
2006-10-31T00:00:00Z,12-20 years,241545.988,-233.99145210989175,3908513.664,-872.9506878105801
2006-10-31T00:00:00Z,2-4 years,607452.646,-84.4177021769242,3908513.664,-872.9506878105801
2006-10-31T00:00:00Z,20+ years,156720.357,-155.95823937223312,3908513.664,-872.9506878105801
2006-10-31T00:00:00Z,4-8 years,526708.884,-168.78201007780802,3908513.664,-872.9506878105801
2006-10-31T00:00:00Z,8-12 years,288974.054,-163.6293644331591,3908513.664,-872.9506878105801
2006-10-31T00:00:00Z,less than a year,1493549.284,-26.86523344409394,3908513.664,-872.9506878105801
2006-11-30T00:00:00Z,1-2 years,603831.999,-42.473270310573355,3953462.08,-878.73206777586
2006-11-30T00:00:00Z,12-20 years,245231.695,-237.1943077387022,3953462.08,-878.73206777586
2006-11-30T00:00:00Z,2-4 years,585084.359,-83.02560826556702,3953462.08,-878.73206777586
2006-11-30T00:00:00Z,20+ years,145860.18,-144.02619682088422,3953462.08,-878.73206777586
2006-11-30T00:00:00Z,4-8 years,554223.505,-178.85258521331963,3953462.08,-878.73206777586
2006-11-30T00:00:00Z,8-12 years,280954.459,-163.94535725148756,3953462.08,-878.73206777586
2006-11-30T00:00:00Z,less than a year,1538275.883,-29.21474217532595,3953462.08,-878.73206777586
2006-12-31T00:00:00Z,1-2 years,617503.249,-42.41328984827432,3884695.614,-866.9186071388015
2006-12-31T00:00:00Z,12-20 years,245231.695,-235.19478715033384,3884695.614,-866.9186071388015
2006-12-31T00:00:00Z,2-4 years,557745.012,-79.33028593903772,3884695.614,-866.9186071388015
2006-12-31T00:00:00Z,20+ years,145860.18,-143.14524518906575,3884695.614,-866.9186071388015
2006-12-31T00:00:00Z,4-8 years,541222.571,-173.28450178821748,3884695.614,-866.9186071388015
2006-12-31T00:00:00Z,8-12 years,288954.538,-165.9474659494882,3884695.614,-866.9186071388015
2006-12-31T00:00:00Z,less than a year,1488178.369,-27.603031274384175,3884695.614,-866.9186071388015
2007-01-31T00:00:00Z,1-2 years,631655.839,-43.00924649436194,3922376.39,-882.3896787533163
2007-01-31T00:00:00Z,12-20 years,245231.695,-238.87887764889078,3922376.39,-882.3896787533163
2007-01-31T00:00:00Z,2-4 years,577720.483,-82.26755024554481,3922376.39,-882.3896787533163
2007-01-31T00:00:00Z,20+ years,145860.18,-145.51372706719982,3922376.39,-882.3896787533163
2007-01-31T00:00:00Z,4-8 years,559283.573,-179.7276265817221,3922376.39,-882.3896787533163
2007-01-31T00:00:00Z,8-12 years,288954.49,-166.99041635887778,3922376.39,-882.3896787533163
2007-01-31T00:00:00Z,less than a year,1473670.1300000001,-26.002234356718983,3922376.39,-882.3896787533163
2007-02-28T00:00:00Z,1-2 years,602248.195,-42.630265848436444,3982969.113,-901.3111761141488
2007-02-28T00:00:00Z,12-20 years,241663.168,-237.2673458237822,3982969.113,-901.3111761141488
2007-02-28T00:00:00Z,2-4 years,578943.04,-84.77425601533255,3982969.113,-901.3111761141488
2007-02-28T00:00:00Z,20+ years,146163.795,-146.0489668967455,3982969.113,-901.3111761141488
2007-02-28T00:00:00Z,4-8 years,587218.739,-195.31365335308016,3982969.113,-901.3111761141488
2007-02-28T00:00:00Z,8-12 years,281502.574,-167.19132921816825,3982969.113,-901.3111761141488
2007-02-28T00:00:00Z,less than a year,1545229.602,-28.085358958603717,3982969.113,-901.3111761141488
2007-03-31T00:00:00Z,1-2 years,614782.917,-42.29700766913543,4009974.893,-894.9353371165961
2007-03-31T00:00:00Z,12-20 years,241663.168,-236.08098651058177,4009974.893,-894.9353371165961
2007-03-31T00:00:00Z,2-4 years,557404.133,-82.52959928416341,4009974.893,-894.9353371165961
2007-03-31T00:00:00Z,20+ years,146163.795,-145.18563598245106,4009974.893,-894.9353371165961
2007-03-31T00:00:00Z,4-8 years,569718.481,-189.01430845294504,4009974.893,-894.9353371165961
2007-03-31T00:00:00Z,8-12 years,289502.459,-170.68026608559467,4009974.893,-894.9353371165961
2007-03-31T00:00:00Z,less than a year,1590739.94,-29.147533131724703,4009974.893,-894.9353371165961
2007-04-30T00:00:00Z,1-2 years,626589.589,-41.89757773773397,3967196.535,-891.9293628362374
2007-04-30T00:00:00Z,12-20 years,241663.168,-234.20113478049285,3967196.535,-891.9293628362374
2007-04-30T00:00:00Z,2-4 years,581678.33,-85.16745622703152,3967196.535,-891.9293628362374
2007-04-30T00:00:00Z,20+ years,146163.795,-144.3501544524887,3967196.535,-891.9293628362374
2007-04-30T00:00:00Z,4-8 years,585024.75,-190.89193609171747,3967196.535,-891.9293628362374
2007-04-30T00:00:00Z,8-12 years,289502.459,-168.7928690693644,3967196.535,-891.9293628362374
2007-04-30T00:00:00Z,less than a year,1496574.444,-26.62823447740844,3967196.535,-891.9293628362374
2007-05-31T00:00:00Z,1-2 years,595528.237,-42.775218530570996,3929210.269,-906.8257612091721
2007-05-31T00:00:00Z,12-20 years,241663.168,-233.55148513865387,3929210.269,-906.8257612091721
2007-05-31T00:00:00Z,2-4 years,557595.502,-83.07358519461306,3929210.269,-906.8257612091721
2007-05-31T00:00:00Z,20+ years,152927.665,-151.50563464507536,3929210.269,-906.8257612091721
2007-05-31T00:00:00Z,4-8 years,608230.959,-198.2544720495455,3929210.269,-906.8257612091721
2007-05-31T00:00:00Z,8-12 years,282617.038,-168.23265580972011,3929210.269,-906.8257612091721
2007-05-31T00:00:00Z,less than a year,1490647.7,-29.432709840993184,3929210.269,-906.8257612091721
2007-06-30T00:00:00Z,1-2 years,607085.998,-42.68948513167506,3860517.066,-894.9956141555372
2007-06-30T00:00:00Z,12-20 years,241663.168,-231.671633408565,3860517.066,-894.9956141555372
2007-06-30T00:00:00Z,2-4 years,537247.149,-80.57536235031105,3860517.066,-894.9956141555372
2007-06-30T00:00:00Z,20+ years,152927.665,-150.63677028982974,3860517.066,-894.9956141555372
2007-06-30T00:00:00Z,4-8 years,591086.369,-190.99644438452398,3860517.066,-894.9956141555372
2007-06-30T00:00:00Z,8-12 years,290617.151,-170.26873823496868,3860517.066,-894.9956141555372
2007-06-30T00:00:00Z,less than a year,1439889.566,-28.157180355663645,3860517.066,-894.9956141555372
2007-07-31T00:00:00Z,1-2 years,617613.157,-42.1887079690921,3933281.95,-892.5903632519527
2007-07-31T00:00:00Z,12-20 years,241663.168,-229.7291199541398,3933281.95,-892.5903632519527
2007-07-31T00:00:00Z,2-4 years,561632.007,-83.27552332837773,3933281.95,-892.5903632519527
2007-07-31T00:00:00Z,20+ years,152927.665,-149.7389437894093,3933281.95,-892.5903632519527
2007-07-31T00:00:00Z,4-8 years,605293.327,-192.22847143235066,3933281.95,-892.5903632519527
2007-07-31T00:00:00Z,8-12 years,290617.151,-168.2934271900975,3933281.95,-892.5903632519527
2007-07-31T00:00:00Z,less than a year,1463535.475,-27.136169588485554,3933281.95,-892.5903632519527
2007-08-31T00:00:00Z,1-2 years,639539.509,-45.97377286243954,4025108.274,-914.916596614349
2007-08-31T00:00:00Z,12-20 years,231918.992,-222.5272322888926,4025108.274,-914.916596614349
2007-08-31T00:00:00Z,2-4 years,537377.369,-82.79459095113822,4025108.274,-914.916596614349
2007-08-31T00:00:00Z,20+ years,157577.061,-155.21300366559356,4025108.274,-914.916596614349
2007-08-31T00:00:00Z,4-8 years,604412.48,-195.59653516423654,4025108.274,-914.916596614349
2007-08-31T00:00:00Z,8-12 years,303064.577,-182.16648740768335,4025108.274,-914.916596614349
2007-08-31T00:00:00Z,less than a year,1551218.286,-30.6449742743653,4025108.274,-914.916596614349
2007-09-30T00:00:00Z,1-2 years,634320.127,-44.51706472418979,3950529.485,-902.6843610126997
2007-09-30T00:00:00Z,12-20 years,231918.992,-220.74636593374052,3950529.485,-902.6843610126997
2007-09-30T00:00:00Z,2-4 years,517589.06,-80.81451027538424,3950529.485,-902.6843610126997
2007-09-30T00:00:00Z,20+ years,157577.061,-154.33312393987416,3950529.485,-902.6843610126997
2007-09-30T00:00:00Z,4-8 years,586911.224,-188.5788331433371,3950529.485,-902.6843610126997
2007-09-30T00:00:00Z,8-12 years,311064.766,-184.13960521242944,3950529.485,-902.6843610126997
2007-09-30T00:00:00Z,less than a year,1511148.255,-29.554857783744485,3950529.485,-902.6843610126997
2007-10-31T00:00:00Z,1-2 years,630798.793,-43.18370322668272,3981187.035,-897.5577496207576
2007-10-31T00:00:00Z,12-20 years,231918.992,-218.90613736675007,3981187.035,-897.5577496207576
2007-10-31T00:00:00Z,2-4 years,543950.447,-82.80454904358788,3981187.035,-897.5577496207576
2007-10-31T00:00:00Z,20+ years,157577.061,-153.42391488996407,3981187.035,-897.5577496207576
2007-10-31T00:00:00Z,4-8 years,600795.035,-189.27414077426772,3981187.035,-897.5577496207576
2007-10-31T00:00:00Z,8-12 years,311064.757,-181.998711212711,3981187.035,-897.5577496207576
2007-10-31T00:00:00Z,less than a year,1505081.95,-27.96659310679415,3981187.035,-897.5577496207576
2007-11-30T00:00:00Z,1-2 years,610747.619,-42.34702605119698,4058490.883,-904.0745910082344
2007-11-30T00:00:00Z,12-20 years,253940.331,-239.16071056720907,4058490.883,-904.0745910082344
2007-11-30T00:00:00Z,2-4 years,517286.124,-79.55305793155418,4058490.883,-904.0745910082344
2007-11-30T00:00:00Z,20+ years,143122.615,-139.59683743550124,4058490.883,-904.0745910082344
2007-11-30T00:00:00Z,4-8 years,619246.411,-194.36438550652875,4058490.883,-904.0745910082344
2007-11-30T00:00:00Z,8-12 years,301933.805,-176.73687466064234,4058490.883,-904.0745910082344
2007-11-30T00:00:00Z,less than a year,1612213.9780000001,-32.31569885560188,4058490.883,-904.0745910082344
2007-12-31T00:00:00Z,1-2 years,609956.116,-40.91759858968491,4050802.735,-896.6474153635468
2007-12-31T00:00:00Z,12-20 years,253940.331,-237.1756633542435,4050802.735,-896.6474153635468
2007-12-31T00:00:00Z,2-4 years,521272.48,-79.77727517440005,4050802.735,-896.6474153635468
2007-12-31T00:00:00Z,20+ years,143122.615,-138.79182494155165,4050802.735,-896.6474153635468
2007-12-31T00:00:00Z,4-8 years,617867.166,-190.9219456155327,4050802.735,-896.6474153635468
2007-12-31T00:00:00Z,8-12 years,309933.411,-178.32749269635667,4050802.735,-896.6474153635468
2007-12-31T00:00:00Z,less than a year,1594710.616,-30.735614991777346,4050802.735,-896.6474153635468
2008-01-31T00:00:00Z,1-2 years,610638.725,-40.43015328009546,4046778.19,-903.8160536124784
2008-01-31T00:00:00Z,12-20 years,253940.331,-240.82578910451545,4046778.19,-903.8160536124784
2008-01-31T00:00:00Z,2-4 years,522827.423,-80.31025927858013,4046778.19,-903.8160536124784
2008-01-31T00:00:00Z,20+ years,143122.615,-140.55153926918595,4046778.19,-903.8160536124784
2008-01-31T00:00:00Z,4-8 years,617441.056,-190.75571323069437,4046778.19,-903.8160536124784
2008-01-31T00:00:00Z,8-12 years,309933.361,-179.53689232423255,4046778.19,-903.8160536124784
2008-01-31T00:00:00Z,less than a year,1588874.679,-31.405707125174462,4046778.19,-903.8160536124784
2008-02-29T00:00:00Z,1-2 years,661181.612,-44.31883006603361,4175495.47,-921.0269700186653
2008-02-29T00:00:00Z,12-20 years,244464.063,-232.5122481208897,4175495.47,-921.0269700186653
2008-02-29T00:00:00Z,2-4 years,478171.462,-78.99683994172501,4175495.47,-921.0269700186653
2008-02-29T00:00:00Z,20+ years,156416.992,-153.63462933043786,4175495.47,-921.0269700186653
2008-02-29T00:00:00Z,4-8 years,622783.839,-195.7252782962362,4175495.47,-921.0269700186653
2008-02-29T00:00:00Z,8-12 years,311341.019,-182.04466463129197,4175495.47,-921.0269700186653
2008-02-29T00:00:00Z,less than a year,1701136.483,-33.79447963205098,4175495.47,-921.0269700186653
2008-03-31T00:00:00Z,1-2 years,669139.253,-42.88289269397439,4244211.201,-916.6505712186101
2008-03-31T00:00:00Z,12-20 years,244464.063,-231.34687150031647,4244211.201,-916.6505712186101
2008-03-31T00:00:00Z,2-4 years,479803.341,-78.93794945112208,4244211.201,-916.6505712186101
2008-03-31T00:00:00Z,20+ years,156416.992,-153.23143843865165,4244211.201,-916.6505712186101
2008-03-31T00:00:00Z,4-8 years,626717.829,-192.79544351671154,4244211.201,-916.6505712186101
2008-03-31T00:00:00Z,8-12 years,321340.754,-185.28077908342044,4244211.201,-916.6505712186101
2008-03-31T00:00:00Z,less than a year,1746328.969,-32.17519653441352,4244211.201,-916.6505712186101
2008-04-30T00:00:00Z,1-2 years,678245.294,-41.73180378792417,4138197.6857,-905.4600377181822
2008-04-30T00:00:00Z,12-20 years,244464.063,-229.50955132908007,4138197.6857,-905.4600377181822
2008-04-30T00:00:00Z,2-4 years,481155.51,-78.74171773610495,4138197.6857,-905.4600377181822
2008-04-30T00:00:00Z,20+ years,156416.992,-152.39196023783006,4138197.6857,-905.4600377181822
2008-04-30T00:00:00Z,4-8 years,631106.7293,-190.1693675795807,4138197.6857,-905.4600377181822
2008-04-30T00:00:00Z,8-12 years,321340.744,-183.22259815102245,4138197.6857,-905.4600377181822
2008-04-30T00:00:00Z,less than a year,1625468.3534,-29.693038896639806,4138197.6857,-905.4600377181822
2008-05-31T00:00:00Z,1-2 years,632921.929,-38.60954901260383,4150863.4544,-914.7745500957217
2008-05-31T00:00:00Z,12-20 years,236881.88,-222.3041851475165,4150863.4544,-914.7745500957217
2008-05-31T00:00:00Z,2-4 years,459915.357,-76.215153705577407,4150863.4544,-914.7745500957217
2008-05-31T00:00:00Z,20+ years,165647.7637,-160.9327762807049,4150863.4544,-914.7745500957217
2008-05-31T00:00:00Z,4-8 years,656773.3263,-206.50642900906644,4150863.4544,-914.7745500957217
2008-05-31T00:00:00Z,8-12 years,309883.4028,-177.1907671204859,4150863.4544,-914.7745500957217
2008-05-31T00:00:00Z,less than a year,1688839.7956,-33.01568981976667,4150863.4544,-914.7745500957217
2008-06-30T00:00:00Z,1-2 years,675057.6481,-39.643423374847366,4184865.7142,-917.6556637184023
2008-06-30T00:00:00Z,12-20 years,236881.88,-220.53579946249656,4184865.7142,-917.6556637184023
2008-06-30T00:00:00Z,2-4 years,462150.145,-76.26740455556111,4184865.7142,-917.6556637184023
2008-06-30T00:00:00Z,20+ years,165647.7637,-160.05133664842478,4184865.7142,-917.6556637184023
2008-06-30T00:00:00Z,4-8 years,683200.8892,-208.33502217394508,4184865.7142,-917.6556637184023
2008-06-30T00:00:00Z,8-12 years,320883.74569999997,-179.96730974629176,4184865.7142,-917.6556637184023
2008-06-30T00:00:00Z,less than a year,1641043.6425,-32.85536775683564,4184865.7142,-917.6556637184023
2008-07-31T00:00:00Z,1-2 years,685458.3315,-38.8093743076615,4291506.4378,-912.9707380032147
2008-07-31T00:00:00Z,12-20 years,236881.88,-218.70846758797592,4291506.4378,-912.9707380032147
2008-07-31T00:00:00Z,2-4 years,465053.039,-76.27172320773292,4291506.4378,-912.9707380032147
2008-07-31T00:00:00Z,20+ years,165647.7637,-159.14051569506867,4291506.4378,-912.9707380032147
2008-07-31T00:00:00Z,4-8 years,690611.7675,-205.96113154269884,4291506.4378,-912.9707380032147
2008-07-31T00:00:00Z,8-12 years,320883.74569999997,-177.90627290848374,4291506.4378,-912.9707380032147
2008-07-31T00:00:00Z,less than a year,1726969.9104,-36.17325275359309,4291506.4378,-912.9707380032147
2008-08-31T00:00:00Z,1-2 years,632851.1644,-36.030851361261384,4339905.2694,-919.9510519390712
2008-08-31T00:00:00Z,12-20 years,231598.775,-213.30871261237658,4339905.2694,-919.9510519390712
2008-08-31T00:00:00Z,2-4 years,463103.676,-76.94880323685848,4339905.2694,-919.9510519390712
2008-08-31T00:00:00Z,20+ years,167599.6737,-162.44688583762795,4339905.2694,-919.9510519390712
2008-08-31T00:00:00Z,4-8 years,665799.5439,-198.20184101163048,4339905.2694,-919.9510519390712
2008-08-31T00:00:00Z,8-12 years,338725.0954,-192.6867063548259,4339905.2694,-919.9510519390712
2008-08-31T00:00:00Z,less than a year,1840227.341,-40.32725152449046,4339905.2694,-919.9510519390712
2008-09-30T00:00:00Z,1-2 years,680367.9548000001,-37.011261595023875,4697345.943,-928.0671826125395
2008-09-30T00:00:00Z,12-20 years,231598.775,-211.6281260188388,4697345.943,-928.0671826125395
2008-09-30T00:00:00Z,2-4 years,466193.949,-76.47317998772577,4697345.943,-928.0671826125395
2008-09-30T00:00:00Z,20+ years,167599.6737,-161.5685556567259,4697345.943,-928.0671826125395
2008-09-30T00:00:00Z,4-8 years,699765.7851,-201.20693273877856,4697345.943,-928.0671826125395
2008-09-30T00:00:00Z,8-12 years,352191.1932,-196.38330078552522,4697345.943,-928.0671826125395
2008-09-30T00:00:00Z,less than a year,2099628.6122,-43.79582582992139,4697345.943,-928.0671826125395
2008-10-31T00:00:00Z,1-2 years,691902.2969,-35.807037860126215,5179118.6425,-943.4613149244606
2008-10-31T00:00:00Z,12-20 years,231598.775,-209.8915198721831,5179118.6425,-943.4613149244606
2008-10-31T00:00:00Z,2-4 years,469067.015,-76.04934363317022,5179118.6425,-943.4613149244606
2008-10-31T00:00:00Z,20+ years,167599.6737,-160.66094780312713,5179118.6425,-943.4613149244606
2008-10-31T00:00:00Z,4-8 years,738955.4025,-208.16685048121673,5179118.6425,-943.4613149244606
2008-10-31T00:00:00Z,8-12 years,362189.2271,-197.84376377461496,5179118.6425,-943.4613149244606
2008-10-31T00:00:00Z,less than a year,2517806.2523,-55.04185150002225,5179118.6425,-943.4613149244606
2008-11-30T00:00:00Z,1-2 years,640471.0463,-32.52827432024428,5248798.9685,-960.9242273701451
2008-11-30T00:00:00Z,12-20 years,242545.827,-218.09190154756786,5248798.9685,-960.9242273701451
2008-11-30T00:00:00Z,2-4 years,516171.7304,-80.05868504367271,5248798.9685,-960.9242273701451
2008-11-30T00:00:00Z,20+ years,168424.6335,-162.64831231811576,5248798.9685,-960.9242273701451
2008-11-30T00:00:00Z,4-8 years,747413.7515,-220.45563059388303,5248798.9685,-960.9242273701451
2008-11-30T00:00:00Z,8-12 years,343657.0205,-185.83290876973535,5248798.9685,-960.9242273701451
2008-11-30T00:00:00Z,less than a year,2590114.9593,-61.30851477692607,5248798.9685,-960.9242273701451
2008-12-31T00:00:00Z,1-2 years,693223.6087,-32.31799109623504,5253423.6269,-958.3567637084448
2008-12-31T00:00:00Z,12-20 years,242545.827,-216.293588867157,5253423.6269,-958.3567637084448
2008-12-31T00:00:00Z,2-4 years,547964.5018,-80.02476453727608,5253423.6269,-958.3567637084448
2008-12-31T00:00:00Z,20+ years,168424.6335,-161.7455338426557,5253423.6269,-958.3567637084448
2008-12-31T00:00:00Z,4-8 years,789323.7274,-220.54671658016022,5253423.6269,-958.3567637084448
2008-12-31T00:00:00Z,8-12 years,360136.2475,-190.4588581630159,5253423.6269,-958.3567637084448
2008-12-31T00:00:00Z,less than a year,2451805.0810000002,-56.96931062194481,5253423.6269,-958.3567637084448
2009-01-31T00:00:00Z,1-2 years,664721.4257,-30.557766150023188,5196146.9652,-969.9297912799176
2009-01-31T00:00:00Z,12-20 years,242545.827,-219.68725977466954,5196146.9652,-969.9297912799176
2009-01-31T00:00:00Z,2-4 years,583103.8592,-81.70054221931815,5196146.9652,-969.9297912799176
2009-01-31T00:00:00Z,20+ years,168424.6335,-163.32957688266865,5196146.9652,-969.9297912799176
2009-01-31T00:00:00Z,4-8 years,773666.5504,-217.90246222882053,5196146.9652,-969.9297912799176
2009-01-31T00:00:00Z,8-12 years,377459.7026,-199.0194554882881,5196146.9652,-969.9297912799176
2009-01-31T00:00:00Z,less than a year,2386224.9668,-57.73272853612944,5196146.9652,-969.9297912799176
2009-02-28T00:00:00Z,1-2 years,662995.9312,-30.244289124145297,5463754.5342,-990.36441205814
2009-02-28T00:00:00Z,12-20 years,243820.595,-221.24981047831466,5463754.5342,-990.36441205814
2009-02-28T00:00:00Z,2-4 years,610995.5744,-82.41797869909612,5463754.5342,-990.36441205814
2009-02-28T00:00:00Z,20+ years,171787.1955,-165.24479921105396,5463754.5342,-990.36441205814
2009-02-28T00:00:00Z,4-8 years,791934.1364,-222.16419425600355,5463754.5342,-990.36441205814
2009-02-28T00:00:00Z,8-12 years,387411.8085,-205.69073696601083,5463754.5342,-990.36441205814
2009-02-28T00:00:00Z,less than a year,2594809.2932,-63.352603323515595,5463754.5342,-990.36441205814
2009-03-31T00:00:00Z,1-2 years,720631.3602,-30.758804724210087,5738912.4173,-1013.266554908987
2009-03-31T00:00:00Z,12-20 years,243820.595,-219.97779725473262,5738912.4173,-1013.266554908987
2009-03-31T00:00:00Z,2-4 years,645886.763,-82.12074338770485,5738912.4173,-1013.266554908987
2009-03-31T00:00:00Z,20+ years,182982.8618,-174.32443439236636,5738912.4173,-1013.266554908987
2009-03-31T00:00:00Z,4-8 years,891792.441,-235.4135669144965,5738912.4173,-1013.266554908987
2009-03-31T00:00:00Z,8-12 years,405732.2733,-210.42523775978466,5738912.4173,-1013.266554908987
2009-03-31T00:00:00Z,less than a year,2648066.123,-60.245970475691635,5738912.4173,-1013.266554908987
2009-04-30T00:00:00Z,1-2 years,732525.9571,-30.519131108895213,5819444.8236,-1015.241300946404
2009-04-30T00:00:00Z,12-20 years,243820.595,-218.25802186886807,5819444.8236,-1015.241300946404
2009-04-30T00:00:00Z,2-4 years,684513.9955,-81.92182540588,5819444.8236,-1015.241300946404
2009-04-30T00:00:00Z,20+ years,182982.8618,-173.41847317403148,5819444.8236,-1015.241300946404
2009-04-30T00:00:00Z,4-8 years,934335.3803,-239.42145936527984,5819444.8236,-1015.241300946404
2009-04-30T00:00:00Z,8-12 years,424019.0009,-213.89207741818595,5819444.8236,-1015.241300946404
2009-04-30T00:00:00Z,less than a year,2617247.033,-57.81031260526344,5819444.8236,-1015.241300946404
2009-05-31T00:00:00Z,1-2 years,679227.3821,-28.15646528852471,5886673.5247,-1028.077562585061
2009-05-31T00:00:00Z,12-20 years,233753.807,-209.566246705624,5886673.5247,-1028.077562585061
2009-05-31T00:00:00Z,2-4 years,747559.4719,-85.85107496411683,5886673.5247,-1028.077562585061
2009-05-31T00:00:00Z,20+ years,199459.40350000001,-188.42681484483109,5886673.5247,-1028.077562585061
2009-05-31T00:00:00Z,4-8 years,932004.011,-248.41506612422367,5886673.5247,-1028.077562585061
2009-05-31T00:00:00Z,8-12 years,418833.0789,-208.70358899801835,5886673.5247,-1028.077562585061
2009-05-31T00:00:00Z,less than a year,2675836.3703,-58.95830565972211,5886673.5247,-1028.077562585061
2009-06-30T00:00:00Z,1-2 years,732773.4176,-28.908386914801735,6067775.5935,-1057.54368417671
2009-06-30T00:00:00Z,12-20 years,233753.807,-207.93145754114363,6067775.5935,-1057.54368417671
2009-06-30T00:00:00Z,2-4 years,785947.7911,-86.80214193713452,6067775.5935,-1057.54368417671
2009-06-30T00:00:00Z,20+ years,210575.68,-197.88035021079187,6067775.5935,-1057.54368417671
2009-06-30T00:00:00Z,4-8 years,1040410.6334,-266.9584272999253,6067775.5935,-1057.54368417671
2009-06-30T00:00:00Z,8-12 years,438033.8504,-213.2907148335619,6067775.5935,-1057.54368417671
2009-06-30T00:00:00Z,less than a year,2626280.414,-55.77220543935146,6067775.5935,-1057.54368417671
2009-07-31T00:00:00Z,1-2 years,746432.5088,-28.418883393774138,6222724.9256,-1081.101149304378
2009-07-31T00:00:00Z,12-20 years,233753.807,-206.24217540451394,6222724.9256,-1081.101149304378
2009-07-31T00:00:00Z,2-4 years,826854.3883,-87.6207384491392,6222724.9256,-1081.101149304378
2009-07-31T00:00:00Z,20+ years,221761.6348,-207.26488416632404,6222724.9256,-1081.101149304378
2009-07-31T00:00:00Z,4-8 years,1086944.4259,-272.917085006845,6222724.9256,-1081.101149304378
2009-07-31T00:00:00Z,8-12 years,457350.9016,-217.70724702616036,6222724.9256,-1081.101149304378
2009-07-31T00:00:00Z,less than a year,2649627.2592,-60.930135857620925,6222724.9256,-1081.101149304378
2009-08-31T00:00:00Z,1-2 years,762009.4876,-29.329941727993823,6374817.427,-1112.046602833143
2009-08-31T00:00:00Z,12-20 years,235426.005,-208.5826644779457,6374817.427,-1112.046602833143
2009-08-31T00:00:00Z,2-4 years,882268.5074,-93.03729391662533,6374817.427,-1112.046602833143
2009-08-31T00:00:00Z,20+ years,227900.0921,-213.55678189757768,6374817.427,-1112.046602833143
2009-08-31T00:00:00Z,4-8 years,1133706.2194,-288.4911866812122,6374817.427,-1112.046602833143
2009-08-31T00:00:00Z,8-12 years,454443.7,-216.64114605428333,6374817.427,-1112.046602833143
2009-08-31T00:00:00Z,less than a year,2679063.4155,-62.40758807750462,6374817.427,-1112.046602833143
2009-09-30T00:00:00Z,1-2 years,775615.0782,-29.016341338837567,6445988.5849,-1129.49293025964
2009-09-30T00:00:00Z,12-20 years,235426.005,-206.9569883081832,6445988.5849,-1129.49293025964
2009-09-30T00:00:00Z,2-4 years,926687.5236,-93.72704647204388,6445988.5849,-1129.49293025964
2009-09-30T00:00:00Z,20+ years,239925.51870000002,-224.03942545601265,6445988.5849,-1129.49293025964
2009-09-30T00:00:00Z,4-8 years,1180091.5114,-293.6510402054541,6445988.5849,-1129.49293025964
2009-09-30T00:00:00Z,8-12 years,474485.9596,-222.2959565470115,6445988.5849,-1129.49293025964
2009-09-30T00:00:00Z,less than a year,2613756.9884,-59.80613193209739,6445988.5849,-1129.49293025964
2009-10-31T00:00:00Z,1-2 years,741646.9686,-27.66365340073554,6344666.1663,-1135.19665909501
2009-10-31T00:00:00Z,12-20 years,235426.005,-205.277122932762,6344666.1663,-1135.19665909501
2009-10-31T00:00:00Z,2-4 years,976031.7407,-94.94501255053846,6344666.1663,-1135.19665909501
2009-10-31T00:00:00Z,20+ years,252013.593,-234.42960222785254,6344666.1663,-1135.19665909501
2009-10-31T00:00:00Z,4-8 years,1153871.5389,-284.91434797595633,6344666.1663,-1135.19665909501
2009-10-31T00:00:00Z,8-12 years,494642.3423,-227.75284571072476,6344666.1663,-1135.19665909501
2009-10-31T00:00:00Z,less than a year,2491033.9778,-60.21407429644,6344666.1663,-1135.19665909501
2009-11-30T00:00:00Z,1-2 years,827065.0154,-29.331049304336076,6595050.9559,-1176.337623461215
2009-11-30T00:00:00Z,12-20 years,204793.811,-178.1498471395307,6595050.9559,-1176.337623461215
2009-11-30T00:00:00Z,2-4 years,1030227.0518,-100.46292645574857,6595050.9559,-1176.337623461215
2009-11-30T00:00:00Z,20+ years,270002.8931,-251.8937071015017,6595050.9559,-1176.337623461215
2009-11-30T00:00:00Z,4-8 years,1270827.9534,-306.822473169941,6595050.9559,-1176.337623461215
2009-11-30T00:00:00Z,8-12 years,525708.3692,-252.24901320120773,6595050.9559,-1176.337623461215
2009-11-30T00:00:00Z,less than a year,2466425.862,-57.42860708894958,6595050.9559,-1176.337623461215
2009-12-31T00:00:00Z,1-2 years,865824.0157,-29.953461314324375,6692434.1392,-1197.854334459247
2009-12-31T00:00:00Z,12-20 years,204793.811,-176.73309503757878,6692434.1392,-1197.854334459247
2009-12-31T00:00:00Z,2-4 years,1053292.0371,-99.27606487858833,6692434.1392,-1197.854334459247
2009-12-31T00:00:00Z,20+ years,283072.8426,-262.8671458016533,6692434.1392,-1197.854334459247
2009-12-31T00:00:00Z,4-8 years,1319201.8028,-315.084949011391,6692434.1392,-1197.854334459247
2009-12-31T00:00:00Z,8-12 years,546821.4383,-257.3468664615321,6692434.1392,-1197.854334459247
2009-12-31T00:00:00Z,less than a year,2419428.1917,-56.59275195417873,6692434.1392,-1197.854334459247
2010-01-31T00:00:00Z,1-2 years,859459.7104,-30.06219793596185,6623353.3838,-1218.567663237916
2010-01-31T00:00:00Z,12-20 years,204793.811,-179.57277988796255,6623353.3838,-1218.567663237916
2010-01-31T00:00:00Z,2-4 years,1077473.6013,-99.23877234767158,6623353.3838,-1218.567663237916
2010-01-31T00:00:00Z,20+ years,296577.8421,-278.13831429512163,6623353.3838,-1218.567663237916
2010-01-31T00:00:00Z,4-8 years,1289158.1625,-312.10747651858935,6623353.3838,-1218.567663237916
2010-01-31T00:00:00Z,8-12 years,568636.6298,-267.57659139461975,6623353.3838,-1218.567663237916
2010-01-31T00:00:00Z,less than a year,2327253.6267,-51.8715308579896,6623353.3838,-1218.567663237916
2010-02-28T00:00:00Z,1-2 years,897450.7898,-31.385948436308965,6794040.0884,-1254.352677381304
2010-02-28T00:00:00Z,12-20 years,204793.811,-180.11505915073704,6794040.0884,-1254.352677381304
2010-02-28T00:00:00Z,2-4 years,1122915.8015,-102.94350687734207,6794040.0884,-1254.352677381304
2010-02-28T00:00:00Z,20+ years,314374.5229,-296.0670095300988,6794040.0884,-1254.352677381304
2010-02-28T00:00:00Z,4-8 years,1344214.4039,-327.34906206945897,6794040.0884,-1254.352677381304
2010-02-28T00:00:00Z,8-12 years,557239.9652,-265.649308418751,6794040.0884,-1254.352677381304
2010-02-28T00:00:00Z,less than a year,2353050.7941,-50.84278289860676,6794040.0884,-1254.352677381304
2010-03-31T00:00:00Z,1-2 years,934129.2237,-31.996265923257287,7171836.528,-1295.814054942264
2010-03-31T00:00:00Z,12-20 years,204793.811,-178.93985768078346,7171836.528,-1295.814054942264
2010-03-31T00:00:00Z,2-4 years,1191350.7633,-103.32240273423658,7171836.528,-1295.814054942264
2010-03-31T00:00:00Z,20+ years,327528.67100000003,-309.36867695149925,7171836.528,-1295.814054942264
2010-03-31T00:00:00Z,4-8 years,1462823.3744,-350.79723095349283,7171836.528,-1295.814054942264
2010-03-31T00:00:00Z,8-12 years,578489.0022,-272.5117533784828,7171836.528,-1295.814054942264
2010-03-31T00:00:00Z,less than a year,2472721.6824,-48.87786732051232,7171836.528,-1295.814054942264
2010-04-30T00:00:00Z,1-2 years,972133.9891,-32.64191363772284,7328065.8166,-1320.330177527928
2010-04-30T00:00:00Z,12-20 years,204793.811,-177.56880725953968,7328065.8166,-1320.330177527928
2010-04-30T00:00:00Z,2-4 years,1217429.2149,-103.23911519669637,7328065.8166,-1320.330177527928
2010-04-30T00:00:00Z,20+ years,341480.3324,-321.74969268146725,7328065.8166,-1320.330177527928
2010-04-30T00:00:00Z,4-8 years,1502786.1236999999,-357.57698043156137,7328065.8166,-1320.330177527928
2010-04-30T00:00:00Z,8-12 years,601027.4753,-278.64043220015844,7328065.8166,-1320.330177527928
2010-04-30T00:00:00Z,less than a year,2488414.8702,-48.91323612078164,7328065.8166,-1320.330177527928
2010-05-31T00:00:00Z,1-2 years,1015828.1137999999,-33.34132456773431,7350759.6117,-1333.136023294949
2010-05-31T00:00:00Z,12-20 years,221836.973,-194.39284425717463,7350759.6117,-1333.136023294949
2010-05-31T00:00:00Z,2-4 years,1219679.2099,-107.4821487093353,7350759.6117,-1333.136023294949
2010-05-31T00:00:00Z,20+ years,341831.5331,-320.9594087444196,7350759.6117,-1333.136023294949
2010-05-31T00:00:00Z,4-8 years,1480065.4196,-360.18390826512064,7350759.6117,-1333.136023294949
2010-05-31T00:00:00Z,8-12 years,586325.2901,-270.7761112637261,7350759.6117,-1333.136023294949
2010-05-31T00:00:00Z,less than a year,2485193.0722,-46.00027748743813,7350759.6117,-1333.136023294949
2010-06-30T00:00:00Z,1-2 years,1051918.2627,-33.999053643788834,7527624.347,-1360.423109210838
2010-06-30T00:00:00Z,12-20 years,221836.973,-192.9111150421649,7527624.347,-1360.423109210838
2010-06-30T00:00:00Z,2-4 years,1281643.0269,-106.94379608625083,7527624.347,-1360.423109210838
2010-06-30T00:00:00Z,20+ years,354906.5112,-331.9277571169937,7527624.347,-1360.423109210838
2010-06-30T00:00:00Z,4-8 years,1586460.6891,-374.31314350524593,7527624.347,-1360.423109210838
2010-06-30T00:00:00Z,8-12 years,607446.5503,-276.17923342440383,7527624.347,-1360.423109210838
2010-06-30T00:00:00Z,less than a year,2423412.3338,-44.14901039198949,7527624.347,-1360.423109210838
2010-07-31T00:00:00Z,1-2 years,1085942.8927,-33.9452986252491,7557198.6061,-1366.862227645181
2010-07-31T00:00:00Z,12-20 years,221836.973,-191.37999485332148,7557198.6061,-1366.862227645181
2010-07-31T00:00:00Z,2-4 years,1262040.1459000001,-106.1087467804333,7557198.6061,-1366.862227645181
2010-07-31T00:00:00Z,20+ years,367910.2148,-342.652280914,7557198.6061,-1366.862227645181
2010-07-31T00:00:00Z,4-8 years,1548385.7866,-363.3329222914526,7557198.6061,-1366.862227645181
2010-07-31T00:00:00Z,8-12 years,628451.8422,-281.2720559614582,7557198.6061,-1366.862227645181
2010-07-31T00:00:00Z,less than a year,2442630.7509,-48.17092821926647,7557198.6061,-1366.862227645181
2010-08-31T00:00:00Z,1-2 years,1116839.697,-34.846030141847905,7810503.4303,-1394.702526791994
2010-08-31T00:00:00Z,12-20 years,211709.183,-183.25528835603208,7810503.4303,-1394.702526791994
2010-08-31T00:00:00Z,2-4 years,1322514.0942,-108.54959564026639,7810503.4303,-1394.702526791994
2010-08-31T00:00:00Z,20+ years,384868.3997,-357.82047549485435,7810503.4303,-1394.702526791994
2010-08-31T00:00:00Z,4-8 years,1655249.0614,-379.1641609922538,7810503.4303,-1394.702526791994
2010-08-31T00:00:00Z,8-12 years,627213.8479,-282.69456201240774,7810503.4303,-1394.702526791994
2010-08-31T00:00:00Z,less than a year,2492109.1471,-48.37241415433133,7810503.4303,-1394.702526791994
2010-09-30T00:00:00Z,1-2 years,1148156.5565,-34.498604556015124,7894164.3043,-1404.011167291722
2010-09-30T00:00:00Z,12-20 years,211709.183,-181.8498525326846,7894164.3043,-1404.011167291722
2010-09-30T00:00:00Z,2-4 years,1341100.9641,-108.0222417285632,7894164.3043,-1404.011167291722
2010-09-30T00:00:00Z,20+ years,398009.0833,-367.2963669961955,7894164.3043,-1404.011167291722
2010-09-30T00:00:00Z,4-8 years,1681090.4075,-376.38707528826353,7894164.3043,-1404.011167291722
2010-09-30T00:00:00Z,8-12 years,648441.1488,-286.0145146457164,7894164.3043,-1404.011167291722
2010-09-30T00:00:00Z,less than a year,2465656.9611,-49.942511544284024,7894164.3043,-1404.011167291722
2010-10-31T00:00:00Z,1-2 years,1179203.6687,-34.173866942411756,7892238.1076,-1401.127810341598
2010-10-31T00:00:00Z,12-20 years,211709.183,-180.39756884855885,7892238.1076,-1401.127810341598
2010-10-31T00:00:00Z,2-4 years,1321776.1643,-106.84699033353854,7892238.1076,-1401.127810341598
2010-10-31T00:00:00Z,20+ years,411123.5316,-376.5814525699893,7892238.1076,-1401.127810341598
2010-10-31T00:00:00Z,4-8 years,1640381.4765,-365.8850492810419,7892238.1076,-1401.127810341598
2010-10-31T00:00:00Z,8-12 years,669625.7217,-289.09273088222244,7892238.1076,-1401.127810341598
2010-10-31T00:00:00Z,less than a year,2458418.3618,-48.15015148383524,7892238.1076,-1401.127810341598
2010-11-30T00:00:00Z,1-2 years,1202809.4094,-34.85582821548391,8122613.5016,-1425.664344362602
2010-11-30T00:00:00Z,12-20 years,204285.557,-173.2253406485797,8122613.5016,-1425.664344362602
2010-11-30T00:00:00Z,2-4 years,1379897.8951,-109.8864368844392,8122613.5016,-1425.664344362602
2010-11-30T00:00:00Z,20+ years,427552.6657,-392.3369929619947,8122613.5016,-1425.664344362602
2010-11-30T00:00:00Z,4-8 years,1769259.1589,-392.4651761980454,8122613.5016,-1425.664344362602
2010-11-30T00:00:00Z,8-12 years,637167.1835,-275.7563320266061,8122613.5016,-1425.664344362602
2010-11-30T00:00:00Z,less than a year,2501641.632,-47.13823742745255,8122613.5016,-1425.664344362602
2010-12-31T00:00:00Z,1-2 years,1204163.9437,-33.868077168065106,8236835.108,-1438.69860019366
2010-12-31T00:00:00Z,12-20 years,204285.557,-171.83383275254832,8236835.108,-1438.69860019366
2010-12-31T00:00:00Z,2-4 years,1399828.734,-109.82826665548309,8236835.108,-1438.69860019366
2010-12-31T00:00:00Z,20+ years,440741.8015,-402.4525600022987,8236835.108,-1438.69860019366
2010-12-31T00:00:00Z,4-8 years,1793207.7881,-393.77767538463866,8236835.108,-1438.69860019366
2010-12-31T00:00:00Z,8-12 years,658472.9796,-279.0536438925203,8236835.108,-1438.69860019366
2010-12-31T00:00:00Z,less than a year,2536134.3041,-47.88454433810631,8236835.108,-1438.69860019366
2011-01-31T00:00:00Z,1-2 years,1204203.4352,-33.60727670536432,8338571.5503,-1470.297846642179
2011-01-31T00:00:00Z,12-20 years,204285.557,-174.56313637449705,8338571.5503,-1470.297846642179
2011-01-31T00:00:00Z,2-4 years,1417509.0481,-111.68061055052092,8338571.5503,-1470.297846642179
2011-01-31T00:00:00Z,20+ years,454026.7203,-418.4891689142179,8338571.5503,-1470.297846642179
2011-01-31T00:00:00Z,4-8 years,1815238.3074,-398.19554944569,8338571.5503,-1470.297846642179
2011-01-31T00:00:00Z,8-12 years,679933.316,-287.4433816172355,8338571.5503,-1470.297846642179
2011-01-31T00:00:00Z,less than a year,2563375.1663,-46.31872303465373,8338571.5503,-1470.297846642179
2011-02-28T00:00:00Z,1-2 years,1201541.0636,-33.35534121212955,8440556.8431,-1498.960425926447
2011-02-28T00:00:00Z,12-20 years,204931.144,-177.07157411497855,8440556.8431,-1498.960425926447
2011-02-28T00:00:00Z,2-4 years,1459193.8009,-122.24983646361223,8440556.8431,-1498.960425926447
2011-02-28T00:00:00Z,20+ years,453965.2331,-420.7475248426742,8440556.8431,-1498.960425926447
2011-02-28T00:00:00Z,4-8 years,1867101.1055,-413.82894020990125,8440556.8431,-1498.960425926447
2011-02-28T00:00:00Z,8-12 years,648499.071,-284.33998210219215,8440556.8431,-1498.960425926447
2011-02-28T00:00:00Z,less than a year,2605325.425,-47.36722698095924,8440556.8431,-1498.960425926447
2011-03-31T00:00:00Z,1-2 years,1200397.889,-32.500309233094626,8481580.8914,-1521.631787907138
2011-03-31T00:00:00Z,12-20 years,204931.144,-175.93971704342306,8481580.8914,-1521.631787907138
2011-03-31T00:00:00Z,2-4 years,1475616.0387,-122.98697726405008,8481580.8914,-1521.631787907138
2011-03-31T00:00:00Z,20+ years,466964.0507,-434.3716162211763,8481580.8914,-1521.631787907138
2011-03-31T00:00:00Z,4-8 years,1890938.2363,-416.4300737255075,8481580.8914,-1521.631787907138
2011-03-31T00:00:00Z,8-12 years,669499.1675,-290.87177940331276,8481580.8914,-1521.631787907138
2011-03-31T00:00:00Z,less than a year,2573234.3652,-48.531315016574034,8481580.8914,-1521.631787907138
2011-04-30T00:00:00Z,1-2 years,1203066.8714,-32.256388654642855,8403931.6263,-1523.723835940169
2011-04-30T00:00:00Z,12-20 years,204931.144,-174.61818794922618,8403931.6263,-1523.723835940169
2011-04-30T00:00:00Z,2-4 years,1452543.5822,-122.66660726955917,8403931.6263,-1523.723835940169
2011-04-30T00:00:00Z,20+ years,480604.0174,-446.16206867498676,8403931.6263,-1523.723835940169
2011-04-30T00:00:00Z,4-8 years,1847517.0177,-404.7627367867928,8403931.6263,-1523.723835940169
2011-04-30T00:00:00Z,8-12 years,691533.0131,-296.59148283188455,8403931.6263,-1523.723835940169
2011-04-30T00:00:00Z,less than a year,2523735.9805,-46.66636377307662,8403931.6263,-1523.723835940169
2011-05-31T00:00:00Z,1-2 years,1218006.6511,-33.1283531904366,8598093.4243,-1554.960392659854
2011-05-31T00:00:00Z,12-20 years,204931.144,-174.5361625889242,8598093.4243,-1554.960392659854
2011-05-31T00:00:00Z,2-4 years,1519540.0181,-128.1370076309362,8598093.4243,-1554.960392659854
2011-05-31T00:00:00Z,20+ years,496604.0213,-460.9535407932581,8598093.4243,-1554.960392659854
2011-05-31T00:00:00Z,4-8 years,1971989.2862,-428.2938511175193,8598093.4243,-1554.960392659854
2011-05-31T00:00:00Z,8-12 years,651120.9042,-284.70179314423495,8598093.4243,-1554.960392659854
2011-05-31T00:00:00Z,less than a year,2535901.3994,-45.20968419454439,8598093.4243,-1554.960392659854
2011-06-30T00:00:00Z,1-2 years,1218157.6495,-32.23606146536217,8660603.5926,-1566.8969061128
2011-06-30T00:00:00Z,12-20 years,204931.144,-173.21463349472734,8660603.5926,-1566.8969061128
2011-06-30T00:00:00Z,2-4 years,1533860.3931,-126.7337519513147,8660603.5926,-1566.8969061128
2011-06-30T00:00:00Z,20+ years,509599.5269,-471.17078890003006,8660603.5926,-1566.8969061128
2011-06-30T00:00:00Z,4-8 years,1997183.7634,-426.6919638623474,8660603.5926,-1566.8969061128
2011-06-30T00:00:00Z,8-12 years,672120.8866,-289.0962349223708,8660603.5926,-1566.8969061128
2011-06-30T00:00:00Z,less than a year,2524750.2291,-47.75347151664807,8660603.5926,-1566.8969061128
2011-07-31T00:00:00Z,1-2 years,1218752.0084,-31.39002544238739,8627722.572,-1563.345109185029
2011-07-31T00:00:00Z,12-20 years,204931.144,-171.8490534307239,8627722.572,-1563.345109185029
2011-07-31T00:00:00Z,2-4 years,1511710.7287,-124.31638258065672,8627722.572,-1563.345109185029
2011-07-31T00:00:00Z,20+ years,522599.5247,-481.1948484154705,8627722.572,-1563.345109185029
2011-07-31T00:00:00Z,4-8 years,1958051.632,-416.13697783168027,8627722.572,-1563.345109185029
2011-07-31T00:00:00Z,8-12 years,693120.5231,-293.23831185160833,8627722.572,-1563.345109185029
2011-07-31T00:00:00Z,less than a year,2518557.0111,-45.21950963250221,8627722.572,-1563.345109185029
2011-08-31T00:00:00Z,1-2 years,1230251.1281,-32.42086535448352,8819518.3986,-1584.220503468457
2011-08-31T00:00:00Z,12-20 years,182272.1,-156.10012904331035,8819518.3986,-1584.220503468457
2011-08-31T00:00:00Z,2-4 years,1562598.0541,-127.1828668244835,8819518.3986,-1584.220503468457
2011-08-31T00:00:00Z,20+ years,539089.3251,-495.4318734792466,8819518.3986,-1584.220503468457
2011-08-31T00:00:00Z,4-8 years,2100900.3069,-448.6792908649394,8819518.3986,-1584.220503468457
2011-08-31T00:00:00Z,8-12 years,654820.4853000001,-279.21468584495943,8819518.3986,-1584.220503468457
2011-08-31T00:00:00Z,less than a year,2549586.9991,-45.1907920570338,8819518.3986,-1584.220503468457
2011-09-30T00:00:00Z,1-2 years,1231436.7111,-31.426262149166853,8910332.3343,-1587.267648435044
2011-09-30T00:00:00Z,12-20 years,182272.1,-154.92574844525575,8910332.3343,-1587.267648435044
2011-09-30T00:00:00Z,2-4 years,1574304.2088,-123.73097395119336,8910332.3343,-1587.267648435044
2011-09-30T00:00:00Z,20+ years,552088.4429,-503.83586327451263,8910332.3343,-1587.267648435044
2011-09-30T00:00:00Z,4-8 years,2130010.9355,-445.27587268845247,8910332.3343,-1587.267648435044
2011-09-30T00:00:00Z,8-12 years,675820.4986,-281.44563332319836,8910332.3343,-1587.267648435044
2011-09-30T00:00:00Z,less than a year,2564399.4374,-46.627294603264716,8910332.3343,-1587.267648435044
2011-10-31T00:00:00Z,1-2 years,1233717.5665,-30.385937373076867,9022828.5608,-1588.800040874587
2011-10-31T00:00:00Z,12-20 years,182272.1,-153.712221827266,9022828.5608,-1588.800040874587
2011-10-31T00:00:00Z,2-4 years,1584148.5878,-120.68058646953517,9022828.5608,-1588.800040874587
2011-10-31T00:00:00Z,20+ years,565088.3621,-512.0543689211204,9022828.5608,-1588.800040874587
2011-10-31T00:00:00Z,4-8 years,2160341.1337,-442.9659556599863,9022828.5608,-1588.800040874587
2011-10-31T00:00:00Z,8-12 years,696820.5158,-283.47488274610043,9022828.5608,-1588.800040874587
2011-10-31T00:00:00Z,less than a year,2600440.2949,-45.52608787750133,9022828.5608,-1588.800040874587
2011-11-30T00:00:00Z,1-2 years,1244288.0676,-31.22925280621203,9141993.9044,-1598.739825429423
2011-11-30T00:00:00Z,12-20 years,182272.1,-152.7671804651553,9141993.9044,-1598.739825429423
2011-11-30T00:00:00Z,2-4 years,1594820.4706000001,-121.88967813522297,9141993.9044,-1598.739825429423
2011-11-30T00:00:00Z,20+ years,582312.6326,-525.243367817917,9141993.9044,-1598.739825429423
2011-11-30T00:00:00Z,4-8 years,2233754.5395,-455.14321247677907,9141993.9044,-1598.739825429423
2011-11-30T00:00:00Z,8-12 years,651616.9454,-266.9744448055235,9141993.9044,-1598.739825429423
2011-11-30T00:00:00Z,less than a year,2652929.1487,-45.49268892261309,9141993.9044,-1598.739825429423
2011-12-31T00:00:00Z,1-2 years,1248607.8379,-30.141612320487198,9128166.6183,-1593.729490474894
2011-12-31T00:00:00Z,12-20 years,182272.1,-151.55365384716555,9128166.6183,-1593.729490474894
2011-12-31T00:00:00Z,2-4 years,1567496.4567,-118.87525476653367,9128166.6183,-1593.729490474894
2011-12-31T00:00:00Z,20+ years,595788.4057,-532.3176463901301,9128166.6183,-1593.729490474894
2011-12-31T00:00:00Z,4-8 years,2197375.8448,-445.54130086062696,9128166.6183,-1593.729490474894
2011-12-31T00:00:00Z,8-12 years,673385.5594,-269.10525178652233,9128166.6183,-1593.729490474894
2011-12-31T00:00:00Z,less than a year,2663240.4137999997,-46.19477050342865,9128166.6183,-1593.729490474894
2012-01-31T00:00:00Z,1-2 years,1253521.773,-29.019492272041067,9314718.3593,-1621.272229438047
2012-01-31T00:00:00Z,12-20 years,182272.1,-153.90686959275732,9314718.3593,-1621.272229438047
2012-01-31T00:00:00Z,2-4 years,1611439.0474,-119.0305952427218,9314718.3593,-1621.272229438047
2012-01-31T00:00:00Z,20+ years,609710.806,-547.3075506624876,9314718.3593,-1621.272229438047
2012-01-31T00:00:00Z,4-8 years,2291896.191,-451.0460854125152,9314718.3593,-1621.272229438047
2012-01-31T00:00:00Z,8-12 years,695876.0158,-276.04520955562555,9314718.3593,-1621.272229438047
2012-01-31T00:00:00Z,less than a year,2670002.4261,-44.91642669989857,9314718.3593,-1621.272229438047
2012-02-29T00:00:00Z,1-2 years,1335087.6383,-31.58746746746106,9460738.4246,-1633.284573181983
2012-02-29T00:00:00Z,12-20 years,182272.1,-153.86136647178787,9460738.4246,-1633.284573181983
2012-02-29T00:00:00Z,2-4 years,1548848.367,-119.13139117148863,9460738.4246,-1633.284573181983
2012-02-29T00:00:00Z,20+ years,627661.7208,-560.6358185422753,9460738.4246,-1633.284573181983
2012-02-29T00:00:00Z,4-8 years,2374905.2214,-471.38159301605833,9460738.4246,-1633.284573181983
2012-02-29T00:00:00Z,8-12 years,641725.3093,-250.32303385930723,9460738.4246,-1633.284573181983
2012-02-29T00:00:00Z,less than a year,2750238.0678,-46.36390265360423,9460738.4246,-1633.284573181983
2012-03-31T00:00:00Z,1-2 years,1307518.4147,-30.762173679574822,9498887.191,-1635.905155374967
2012-03-31T00:00:00Z,12-20 years,182272.1,-152.87308555085224,9498887.191,-1635.905155374967
2012-03-31T00:00:00Z,2-4 years,1575559.5899,-120.4151168335579,9498887.191,-1635.905155374967
2012-03-31T00:00:00Z,20+ years,641564.3839,-571.223159528333,9498887.191,-1635.905155374967
2012-03-31T00:00:00Z,4-8 years,2314798.8631,-458.60642438626815,9498887.191,-1635.905155374967
2012-03-31T00:00:00Z,8-12 years,664183.4316,-254.0531019798553,9498887.191,-1635.905155374967
2012-03-31T00:00:00Z,less than a year,2812990.4078,-47.97209341652569,9498887.191,-1635.905155374967
2012-04-30T00:00:00Z,1-2 years,1349008.1493,-30.256639636680358,9621949.9242,-1643.308473534298
2012-04-30T00:00:00Z,12-20 years,182272.1,-151.69870495279764,9621949.9242,-1643.308473534298
2012-04-30T00:00:00Z,2-4 years,1605301.1801,-121.59736073474238,9621949.9242,-1643.308473534298
2012-04-30T00:00:00Z,20+ years,656929.8502,-579.7142008850935,9621949.9242,-1643.308473534298
2012-04-30T00:00:00Z,4-8 years,2384330.4177,-456.0885063925365,9621949.9242,-1643.308473534298
2012-04-30T00:00:00Z,8-12 years,689004.562,-257.1855798887875,9621949.9242,-1643.308473534298
2012-04-30T00:00:00Z,less than a year,2755103.6649,-46.76748104366019,9621949.9242,-1643.308473534298
2012-05-31T00:00:00Z,1-2 years,1361958.869,-31.79481348852697,9689104.7959,-1652.252859847433
2012-05-31T00:00:00Z,12-20 years,182272.1,-151.73011404550078,9689104.7959,-1652.252859847433
2012-05-31T00:00:00Z,2-4 years,1650057.3562,-131.31002095800204,9689104.7959,-1652.252859847433
2012-05-31T00:00:00Z,20+ years,673930.8687999999,-591.1444893922733,9689104.7959,-1652.252859847433
2012-05-31T00:00:00Z,4-8 years,2417905.0939,-462.8092592849821,9689104.7959,-1652.252859847433
2012-05-31T00:00:00Z,8-12 years,638704.518,-233.12357900817562,9689104.7959,-1652.252859847433
2012-05-31T00:00:00Z,less than a year,2764275.99,-50.34058366997242,9689104.7959,-1652.252859847433
2012-06-30T00:00:00Z,1-2 years,1337361.4674,-31.417901149018082,9658280.7547,-1644.674348276287
2012-06-30T00:00:00Z,12-20 years,182272.1,-150.5557334474462,9658280.7547,-1644.674348276287
2012-06-30T00:00:00Z,2-4 years,1679083.7375,-132.3918997168056,9658280.7547,-1644.674348276287
2012-06-30T00:00:00Z,20+ years,687848.6255,-598.1919297896247,9658280.7547,-1644.674348276287
2012-06-30T00:00:00Z,4-8 years,2353063.2328,-447.90170414573737,9658280.7547,-1644.674348276287
2012-06-30T00:00:00Z,8-12 years,661187.2275,-235.36483111523287,9658280.7547,-1644.674348276287
2012-06-30T00:00:00Z,less than a year,2757464.364,-48.85034891242227,9658280.7547,-1644.674348276287
2012-07-31T00:00:00Z,1-2 years,1386412.4697,-31.36007596817213,9817237.1487,-1643.1499930137
2012-07-31T00:00:00Z,12-20 years,182272.1,-149.34220682945647,9817237.1487,-1643.1499930137
2012-07-31T00:00:00Z,2-4 years,1703018.3534,-132.78246791413645,9817237.1487,-1643.1499930137
2012-07-31T00:00:00Z,20+ years,700848.5358,-604.4003157822572,9817237.1487,-1643.1499930137
2012-07-31T00:00:00Z,4-8 years,2417805.6833,-441.31822088072136,9817237.1487,-1643.1499930137
2012-07-31T00:00:00Z,8-12 years,682187.7440000001,-237.12272808965224,9817237.1487,-1643.1499930137
2012-07-31T00:00:00Z,less than a year,2744692.2625,-46.82397754930391,9817237.1487,-1643.1499930137
2012-08-31T00:00:00Z,1-2 years,1390373.0668,-31.730814204988267,9953888.4305,-1649.228373772382
2012-08-31T00:00:00Z,12-20 years,182272.1,-149.30420868221748,9953888.4305,-1649.228373772382
2012-08-31T00:00:00Z,2-4 years,1724441.7649,-136.24885612848215,9953888.4305,-1649.228373772382
2012-08-31T00:00:00Z,20+ years,716848.7554,-615.3003055160135,9953888.4305,-1649.228373772382
2012-08-31T00:00:00Z,4-8 years,2479415.1747,-455.59001449069046,9953888.4305,-1649.228373772382
2012-08-31T00:00:00Z,8-12 years,621278.6785,-211.83563395358956,9953888.4305,-1649.228373772382
2012-08-31T00:00:00Z,less than a year,2839258.8902,-49.21854079640068,9953888.4305,-1649.228373772382
2012-09-30T00:00:00Z,1-2 years,1369816.3432,-31.242670592293784,9881800.2222,-1640.110978866282
2012-09-30T00:00:00Z,12-20 years,182272.1,-148.1298280841629,9881800.2222,-1640.110978866282
2012-09-30T00:00:00Z,2-4 years,1748645.9147,-136.07736068028802,9881800.2222,-1640.110978866282
2012-09-30T00:00:00Z,20+ years,729843.9491,-620.8029283397631,9881800.2222,-1640.110978866282
2012-09-30T00:00:00Z,4-8 years,2414501.4686,-442.45759863534556,9881800.2222,-1640.110978866282
2012-09-30T00:00:00Z,8-12 years,642278.7151,-213.65960205312402,9881800.2222,-1640.110978866282
2012-09-30T00:00:00Z,less than a year,2794441.7314999998,-47.74099048130475,9881800.2222,-1640.110978866282
2012-10-31T00:00:00Z,1-2 years,1419236.9372,-31.359882287037884,10061262.9509,-1639.695677970025
2012-10-31T00:00:00Z,12-20 years,182272.1,-146.91630146617317,10061262.9509,-1639.695677970025
2012-10-31T00:00:00Z,2-4 years,1772237.9258,-135.704473462525,10061262.9509,-1639.695677970025
2012-10-31T00:00:00Z,20+ years,742843.9680999999,-626.1310866390132,10061262.9509,-1639.695677970025
2012-10-31T00:00:00Z,4-8 years,2476898.6191,-438.28366415226446,10061262.9509,-1639.695677970025
2012-10-31T00:00:00Z,8-12 years,663278.7445,-215.32989699336048,10061262.9509,-1639.695677970025
2012-10-31T00:00:00Z,less than a year,2804494.6562,-45.970372969650654,10061262.9509,-1639.695677970025
2012-11-30T00:00:00Z,1-2 years,1432533.2505,-32.09338719788237,10189818.7726,-1646.085586017464
2012-11-30T00:00:00Z,12-20 years,172667.938,-138.07925608580166,10189818.7726,-1646.085586017464
2012-11-30T00:00:00Z,2-4 years,1811231.6434,-144.97025130663943,10189818.7726,-1646.085586017464
2012-11-30T00:00:00Z,20+ years,758838.9739,-637.2585153672957,10189818.7726,-1646.085586017464
2012-11-30T00:00:00Z,4-8 years,2498132.6462,-435.31694046554844,10189818.7726,-1646.085586017464
2012-11-30T00:00:00Z,8-12 years,629472.9476,-209.80128361317114,10189818.7726,-1646.085586017464
2012-11-30T00:00:00Z,less than a year,2886941.373,-48.56595198112565,10189818.7726,-1646.085586017464
2012-12-31T00:00:00Z,1-2 years,1447075.1905,-32.159607575265866,10196169.8589,-1640.54106819601
2012-12-31T00:00:00Z,12-20 years,172667.938,-136.9430679077659,10196169.8589,-1640.54106819601
2012-12-31T00:00:00Z,2-4 years,1836363.6179,-144.10477771374505,10196169.8589,-1640.54106819601
2012-12-31T00:00:00Z,20+ years,771837.9767,-642.5375013477455,10196169.8589,-1640.54106819601
2012-12-31T00:00:00Z,4-8 years,2492585.7614,-427.0411723004178,10196169.8589,-1640.54106819601
2012-12-31T00:00:00Z,8-12 years,650472.9932,-211.54730955940568,10196169.8589,-1640.54106819601
2012-12-31T00:00:00Z,less than a year,2825166.3812,-46.20763179166442,10196169.8589,-1640.54106819601
2013-01-31T00:00:00Z,1-2 years,1460153.2815999999,-32.29639189485775,10247196.8694,-1662.072534788452
2013-01-31T00:00:00Z,12-20 years,172667.938,-139.2565550085875,10247196.8694,-1662.072534788452
2013-01-31T00:00:00Z,2-4 years,1860489.3506,-146.20967790839822,10247196.8694,-1662.072534788452
2013-01-31T00:00:00Z,20+ years,784837.9774,-656.8390083133411,10247196.8694,-1662.072534788452
2013-01-31T00:00:00Z,4-8 years,2487503.817,-424.3238583221325,10247196.8694,-1662.072534788452
2013-01-31T00:00:00Z,8-12 years,671472.9988,-216.57692817149467,10247196.8694,-1662.072534788452
2013-01-31T00:00:00Z,less than a year,2810071.506,-46.57011516964073,10247196.8694,-1662.072534788452
2013-02-28T00:00:00Z,1-2 years,1491073.6588,-36.38655129749524,10433495.4514,-1673.843035226043
2013-02-28T00:00:00Z,12-20 years,163158.768,-131.36602871073762,10433495.4514,-1673.843035226043
2013-02-28T00:00:00Z,2-4 years,1859192.5191,-145.6897535933232,10433495.4514,-1673.843035226043
2013-02-28T00:00:00Z,20+ years,800837.8139,-668.7355855853432,10433495.4514,-1673.843035226043
2013-02-28T00:00:00Z,4-8 years,2538791.501,-442.43319022813307,10433495.4514,-1673.843035226043
2013-02-28T00:00:00Z,8-12 years,627321.6084,-200.19213746348362,10433495.4514,-1673.843035226043
2013-02-28T00:00:00Z,less than a year,2953119.5822,-49.0397883475267,10433495.4514,-1673.843035226043
2013-03-31T00:00:00Z,1-2 years,1467506.3035,-35.95490148370386,10450883.5279,-1672.222885129408
2013-03-31T00:00:00Z,12-20 years,163158.768,-130.30769026555117,10450883.5279,-1672.222885129408
2013-03-31T00:00:00Z,2-4 years,1881833.1480999999,-145.5984093491988,10450883.5279,-1672.222885129408
2013-03-31T00:00:00Z,20+ years,813837.8494,-678.5961455607936,10450883.5279,-1672.222885129408
2013-03-31T00:00:00Z,4-8 years,2470508.0134,-430.5734893709722,10450883.5279,-1672.222885129408
2013-03-31T00:00:00Z,8-12 years,648321.6208,-203.8823103008359,10450883.5279,-1672.222885129408
2013-03-31T00:00:00Z,less than a year,3005717.8247,-47.309938798352526,10450883.5279,-1672.222885129408
2013-04-30T00:00:00Z,1-2 years,1513203.9527,-35.797073328061636,10518003.0198,-1673.801879513003
2013-04-30T00:00:00Z,12-20 years,163158.768,-129.28349177020945,10518003.0198,-1673.801879513003
2013-04-30T00:00:00Z,2-4 years,1902032.4144,-145.69611489471595,10518003.0198,-1673.801879513003
2013-04-30T00:00:00Z,20+ years,826837.7359,-684.829131543393,10518003.0198,-1673.801879513003
2013-04-30T00:00:00Z,4-8 years,2529595.44,-425.82210085818355,10518003.0198,-1673.801879513003
2013-04-30T00:00:00Z,8-12 years,669322.5776,-206.67158751597705,10518003.0198,-1673.801879513003
2013-04-30T00:00:00Z,less than a year,2913852.1312,-45.702379602461995,10518003.0198,-1673.801879513003
2013-05-31T00:00:00Z,1-2 years,1526084.7412999999,-36.65496293450508,10482952.9429,-1681.121322273261
2013-05-31T00:00:00Z,12-20 years,163158.768,-129.42967745934178,10482952.9429,-1681.121322273261
2013-05-31T00:00:00Z,2-4 years,1934458.1445,-153.8912711429834,10482952.9429,-1681.121322273261
2013-05-31T00:00:00Z,20+ years,842837.7655,-695.0654244565156,10482952.9429,-1681.121322273261
2013-05-31T00:00:00Z,4-8 years,2559891.8725,-433.52696804884295,10482952.9429,-1681.121322273261
2013-05-31T00:00:00Z,8-12 years,617257.3685,-184.1795822622886,10482952.9429,-1681.121322273261
2013-05-31T00:00:00Z,less than a year,2839264.2826,-48.3734359687839,10482952.9429,-1681.121322273261
2013-06-30T00:00:00Z,1-2 years,1496305.1879,-35.381433766111144,10417481.1889,-1671.889866193855
2013-06-30T00:00:00Z,12-20 years,163158.768,-128.40547896400005,10417481.1889,-1671.889866193855
2013-06-30T00:00:00Z,2-4 years,1959741.413,-153.08782968456387,10417481.1889,-1671.889866193855
2013-06-30T00:00:00Z,20+ years,855837.7688,-700.6462024539264,10417481.1889,-1671.889866193855
2013-06-30T00:00:00Z,4-8 years,2493216.0586,-421.3309034365447,10417481.1889,-1671.889866193855
2013-06-30T00:00:00Z,8-12 years,638257.6349,-186.66085364369658,10417481.1889,-1671.889866193855
2013-06-30T00:00:00Z,less than a year,2810964.3577,-46.377164245012175,10417481.1889,-1671.889866193855
2013-07-31T00:00:00Z,1-2 years,1531088.5507,-34.16605468419035,10573123.4112,-1678.57652798154
2013-07-31T00:00:00Z,12-20 years,163158.768,-127.34714051881362,10573123.4112,-1678.57652798154
2013-07-31T00:00:00Z,2-4 years,1987778.1069,-152.418777854768,10573123.4112,-1678.57652798154
2013-07-31T00:00:00Z,20+ years,868837.0545,-706.0327369222679,10573123.4112,-1678.57652798154
2013-07-31T00:00:00Z,4-8 years,2554965.5873,-425.1018602988461,10573123.4112,-1678.57652798154
2013-07-31T00:00:00Z,8-12 years,659258.148,-188.99332068018336,10573123.4112,-1678.57652798154
2013-07-31T00:00:00Z,less than a year,2808037.1958,-44.516637022470384,10573123.4112,-1678.57652798154
2013-08-31T00:00:00Z,1-2 years,1503786.0916,-34.85984524724718,10597663.3229,-1685.698623029682
2013-08-31T00:00:00Z,12-20 years,151971.561,-118.8841038358931,10597663.3229,-1685.698623029682
2013-08-31T00:00:00Z,2-4 years,2018323.7195,-157.76299011893207,10597663.3229,-1685.698623029682
2013-08-31T00:00:00Z,20+ years,884835.9124,-719.4111549721613,10597663.3229,-1685.698623029682
2013-08-31T00:00:00Z,4-8 years,2527285.8692,-424.6646264941916,10597663.3229,-1685.698623029682
2013-08-31T00:00:00Z,8-12 years,618203.8077,-183.91657670816699,10597663.3229,-1685.698623029682
2013-08-31T00:00:00Z,less than a year,2893256.3615,-46.199325653090206,10597663.3229,-1685.698623029682
2013-09-30T00:00:00Z,1-2 years,1531717.1583,-33.423703066293385,10654004.929,-1697.391475421673
2013-09-30T00:00:00Z,12-20 years,151971.561,-117.9398203958684,10654004.929,-1697.391475421673
2013-09-30T00:00:00Z,2-4 years,2045930.6173999999,-156.6056149444222,10654004.929,-1697.391475421673
2013-09-30T00:00:00Z,20+ years,897835.9310999999,-726.43443352644465,10654004.929,-1697.391475421673
2013-09-30T00:00:00Z,4-8 years,2590576.562,-430.68547795489656,10654004.929,-1697.391475421673
2013-09-30T00:00:00Z,8-12 years,639204.0117,-188.014019940011,10654004.929,-1697.391475421673
2013-09-30T00:00:00Z,less than a year,2796769.0875,-44.28840559373644,10654004.929,-1697.391475421673
2013-10-31T00:00:00Z,1-2 years,1523725.5984,-31.597509102491507,10735319.3388,-1703.053866424569
2013-10-31T00:00:00Z,12-20 years,151971.561,-116.96406084117622,10735319.3388,-1703.053866424569
2013-10-31T00:00:00Z,2-4 years,2073127.2047,-155.1319418668557,10735319.3388,-1703.053866424569
2013-10-31T00:00:00Z,20+ years,910836.0229,-733.2384870327909,10735319.3388,-1703.053866424569
2013-10-31T00:00:00Z,4-8 years,2589662.6674,-427.09400706736864,10735319.3388,-1703.053866424569
2013-10-31T00:00:00Z,8-12 years,660203.965,-191.92685102201494,10735319.3388,-1703.053866424569
2013-10-31T00:00:00Z,less than a year,2825792.3194,-47.101009491871025,10735319.3388,-1703.053866424569
2013-11-30T00:00:00Z,1-2 years,1483978.8151,-32.05783977083663,10753413.4198,-1708.278022654262
2013-11-30T00:00:00Z,12-20 years,151971.561,-116.01977740115152,10753413.4198,-1708.278022654262
2013-11-30T00:00:00Z,2-4 years,2098211.7028,-155.42776834187345,10753413.4198,-1708.278022654262
2013-11-30T00:00:00Z,20+ years,926831.066,-747.5649418505817,10753413.4198,-1708.278022654262
2013-11-30T00:00:00Z,4-8 years,2598118.576,-445.24064760836313,10753413.4198,-1708.278022654262
2013-11-30T00:00:00Z,8-12 years,583479.4443,-164.34782927524404,10753413.4198,-1708.278022654262
2013-11-30T00:00:00Z,less than a year,2910822.2546,-47.61921840621212,10753413.4198,-1708.278022654262
2013-12-31T00:00:00Z,1-2 years,1505304.3547,-31.306638825298375,10881762.6152,-1719.946499138704
2013-12-31T00:00:00Z,12-20 years,151971.561,-115.04401784645934,10881762.6152,-1719.946499138704
2013-12-31T00:00:00Z,2-4 years,2124598.7563,-153.67804386261753,10881762.6152,-1719.946499138704
2013-12-31T00:00:00Z,20+ years,939830.7727,-754.5843756243867,10881762.6152,-1719.946499138704
2013-12-31T00:00:00Z,4-8 years,2660975.1579,-450.5528863703398,10881762.6152,-1719.946499138704
2013-12-31T00:00:00Z,8-12 years,604476.4112,-169.1522616395916,10881762.6152,-1719.946499138704
2013-12-31T00:00:00Z,less than a year,2894605.6014,-45.628274970010246,10881762.6152,-1719.946499138704
2014-01-31T00:00:00Z,1-2 years,1492480.4876,-30.653949511379565,10836147.3337,-1748.436812431187
2014-01-31T00:00:00Z,12-20 years,151971.561,-116.95191517202774,10836147.3337,-1748.436812431187
2014-01-31T00:00:00Z,2-4 years,2152355.0794,-154.64438198361424,10836147.3337,-1748.436812431187
2014-01-31T00:00:00Z,20+ years,952830.8097999999,-772.2807396653111,10836147.3337,-1748.436812431187
2014-01-31T00:00:00Z,4-8 years,2659521.5078,-452.548363221794,10836147.3337,-1748.436812431187
2014-01-31T00:00:00Z,8-12 years,625475.3926,-176.42484835690706,10836147.3337,-1748.436812431187
2014-01-31T00:00:00Z,less than a year,2801512.4955,-44.932614520153464,10836147.3337,-1748.436812431187
2014-02-28T00:00:00Z,1-2 years,1393433.4873,-28.55374017795254,11000383.5101,-1765.286414036715
2014-02-28T00:00:00Z,12-20 years,139133.645,-108.085041476154,11000383.5101,-1765.286414036715
2014-02-28T00:00:00Z,2-4 years,2258953.801,-159.40197776141733,11000383.5101,-1765.286414036715
2014-02-28T00:00:00Z,20+ years,968830.5645999999,-785.232326198115,11000383.5101,-1765.286414036715
2014-02-28T00:00:00Z,4-8 years,2694118.4864,-457.9707801997263,11000383.5101,-1765.286414036715
2014-02-28T00:00:00Z,8-12 years,588110.846,-177.69714545853694,11000383.5101,-1765.286414036715
2014-02-28T00:00:00Z,less than a year,2957802.6798,-48.345402764813116,11000383.5101,-1765.286414036715
2014-03-31T00:00:00Z,1-2 years,1405370.3764,-29.060567397546293,11094938.3632,-1774.059257651185
2014-03-31T00:00:00Z,12-20 years,139133.645,-107.19198476597447,11094938.3632,-1774.059257651185
2014-03-31T00:00:00Z,2-4 years,2262355.8275,-157.77950209900473,11094938.3632,-1774.059257651185
2014-03-31T00:00:00Z,20+ years,981830.6764,-796.0776574335995,11094938.3632,-1774.059257651185
2014-03-31T00:00:00Z,4-8 years,2692526.0282,-456.0126465064748,11094938.3632,-1774.059257651185
2014-03-31T00:00:00Z,8-12 years,609109.9855,-182.89641795795245,11094938.3632,-1774.059257651185
2014-03-31T00:00:00Z,less than a year,3004611.8242,-45.040481490633084,11094938.3632,-1774.059257651185
2014-04-30T00:00:00Z,1-2 years,1414833.005,-29.525193407392198,10981209.0437,-1778.12112522741
2014-04-30T00:00:00Z,12-20 years,139133.645,-106.32773633676847,10981209.0437,-1778.12112522741
2014-04-30T00:00:00Z,2-4 years,2263947.5984,-155.95243015856443,10981209.0437,-1778.12112522741
2014-04-30T00:00:00Z,20+ years,994830.6891,-802.8843875257786,10981209.0437,-1778.12112522741
2014-04-30T00:00:00Z,4-8 years,2691225.6627,-452.4860410484989,10981209.0437,-1778.12112522741
2014-04-30T00:00:00Z,8-12 years,630109.9189,-187.6189197732482,10981209.0437,-1778.12112522741
2014-04-30T00:00:00Z,less than a year,2847128.5246,-43.32641697715926,10981209.0437,-1778.12112522741
2014-05-31T00:00:00Z,1-2 years,1438692.5875,-34.04983494119605,10884739.8843,-1782.445164095524
2014-05-31T00:00:00Z,12-20 years,139133.645,-106.59638007865765,10884739.8843,-1782.445164095524
2014-05-31T00:00:00Z,2-4 years,2229348.1777,-156.11119610888178,10884739.8843,-1782.445164095524
2014-05-31T00:00:00Z,20+ years,1010825.8358,-814.5916083258938,10884739.8843,-1782.445164095524
2014-05-31T00:00:00Z,4-8 years,2653585.3351,-443.899768125988,10884739.8843,-1782.445164095524
2014-05-31T00:00:00Z,8-12 years,585120.0106,-181.2268717990477,10884739.8843,-1782.445164095524
2014-05-31T00:00:00Z,less than a year,2828034.2926,-45.96950471585866,10884739.8843,-1782.445164095524
2014-06-30T00:00:00Z,1-2 years,1456423.8361,-34.97112767393617,10969347.4455,-1793.879555098223
2014-06-30T00:00:00Z,12-20 years,139133.645,-105.73213164945166,10969347.4455,-1793.879555098223
2014-06-30T00:00:00Z,2-4 years,2256945.7141,-154.01611753938042,10969347.4455,-1793.879555098223
2014-06-30T00:00:00Z,20+ years,1023825.8329,-820.756396591432,10969347.4455,-1793.879555098223
2014-06-30T00:00:00Z,4-8 years,2715170.104,-448.74689778465955,10969347.4455,-1793.879555098223
2014-06-30T00:00:00Z,8-12 years,606120.0738,-185.4701026158969,10969347.4455,-1793.879555098223
2014-06-30T00:00:00Z,less than a year,2771728.2396,-44.186781243466676,10969347.4455,-1793.879555098223
2014-07-31T00:00:00Z,1-2 years,1476196.8259,-35.87996600907102,11038392.8736,-1798.232949643022
2014-07-31T00:00:00Z,12-20 years,139133.645,-104.83907493927211,11038392.8736,-1798.232949643022
2014-07-31T00:00:00Z,2-4 years,2251978.6165,-152.08903623076063,11038392.8736,-1798.232949643022
2014-07-31T00:00:00Z,20+ years,1036822.8036,-826.6906585484815,11038392.8736,-1798.232949643022
2014-07-31T00:00:00Z,4-8 years,2714256.5712,-444.72555957031665,11038392.8736,-1798.232949643022
2014-07-31T00:00:00Z,8-12 years,627120.1001,-189.5307575993675,11038392.8736,-1798.232949643022
2014-07-31T00:00:00Z,less than a year,2792884.3113,-44.47789674575262,11038392.8736,-1798.232949643022
2014-08-31T00:00:00Z,1-2 years,1482797.1877,-37.335644848984444,11014529.6008,-1800.831454571651
2014-08-31T00:00:00Z,12-20 years,130323.227,-98.15526220333459,11014529.6008,-1800.831454571651
2014-08-31T00:00:00Z,2-4 years,2232336.064,-153.79979222909893,11014529.6008,-1800.831454571651
2014-08-31T00:00:00Z,20+ years,1052822.8035,-839.006104476632,11014529.6008,-1800.831454571651
2014-08-31T00:00:00Z,4-8 years,2688717.3475,-442.50146531912907,11014529.6008,-1800.831454571651
2014-08-31T00:00:00Z,8-12 years,583802.7648,-185.01307122993632,11014529.6008,-1800.831454571651
2014-08-31T00:00:00Z,less than a year,2843730.2063,-45.02011426453576,11014529.6008,-1800.831454571651
2014-09-30T00:00:00Z,1-2 years,1504826.187,-38.14421789625896,11112808.2642,-1811.719590752663
2014-09-30T00:00:00Z,12-20 years,130323.227,-97.35280609598522,11112808.2642,-1811.719590752663
2014-09-30T00:00:00Z,2-4 years,2257314.2656,-151.8577769337043,11112808.2642,-1811.719590752663
2014-09-30T00:00:00Z,20+ years,1065822.8544,-844.2634115844776,11112808.2642,-1811.719590752663
2014-09-30T00:00:00Z,4-8 years,2751834.7873,-448.1495243619738,11112808.2642,-1811.719590752663
2014-09-30T00:00:00Z,8-12 years,604801.8859,-188.860797564177,11112808.2642,-1811.719590752663
2014-09-30T00:00:00Z,less than a year,2797885.057,-43.091056316086025,11112808.2642,-1811.719590752663
2014-10-31T00:00:00Z,1-2 years,1528304.5793,-38.732991545371306,11160732.8187,-1814.514565105538
2014-10-31T00:00:00Z,12-20 years,130323.227,-96.52360145172422,11160732.8187,-1814.514565105538
2014-10-31T00:00:00Z,2-4 years,2253606.2259,-149.09721114777545,11160732.8187,-1814.514565105538
2014-10-31T00:00:00Z,20+ years,1078822.8334,-849.2947082050431,11160732.8187,-1814.514565105538
2014-10-31T00:00:00Z,4-8 years,2750931.9261,-444.7775120749159,11160732.8187,-1814.514565105538
2014-10-31T00:00:00Z,8-12 years,625801.5236,-192.53070857836417,11160732.8187,-1814.514565105538
2014-10-31T00:00:00Z,less than a year,2792942.5034,-43.55783210234354,11160732.8187,-1814.514565105538
2014-11-30T00:00:00Z,1-2 years,1568948.0479,-42.96777951622251,11114614.6919,-1815.763594550389
2014-11-30T00:00:00Z,12-20 years,119463.05,-88.00267009168536,11114614.6919,-1815.763594550389
2014-11-30T00:00:00Z,2-4 years,2240101.537,-153.8995899046165,11114614.6919,-1815.763594550389
2014-11-30T00:00:00Z,20+ years,1094844.2246,-860.9646316080255,11114614.6919,-1815.763594550389
2014-11-30T00:00:00Z,4-8 years,2694726.9454,-435.41802761087575,11114614.6919,-1815.763594550389
2014-11-30T00:00:00Z,8-12 years,587270.2548,-190.32485830596733,11114614.6919,-1815.763594550389
2014-11-30T00:00:00Z,less than a year,2809260.6322,-44.186037512995746,11114614.6919,-1815.763594550389
2014-12-31T00:00:00Z,1-2 years,1596115.98,-43.21063994853263,11263162.3894,-1824.462914049702
2014-12-31T00:00:00Z,12-20 years,119463.05,-87.24925771962505,11263162.3894,-1824.462914049702
2014-12-31T00:00:00Z,2-4 years,2257868.2748,-151.51105729542763,11263162.3894,-1824.462914049702
2014-12-31T00:00:00Z,20+ years,1107844.2338,-865.6503071885306,11263162.3894,-1824.462914049702
2014-12-31T00:00:00Z,4-8 years,2757412.9617,-440.8897736308472,11263162.3894,-1824.462914049702
2014-12-31T00:00:00Z,8-12 years,608270.2669,-193.76710047556193,11263162.3894,-1824.462914049702
2014-12-31T00:00:00Z,less than a year,2816187.6222,-42.18477779117663,11263162.3894,-1824.462914049702
2015-01-31T00:00:00Z,1-2 years,1621446.0795,-43.99443066219811,11164208.1625,-1841.717563204735
2015-01-31T00:00:00Z,12-20 years,119463.05,-88.67615816351498,11164208.1625,-1841.717563204735
2015-01-31T00:00:00Z,2-4 years,2220725.7168,-149.61761965219915,11164208.1625,-1841.717563204735
2015-01-31T00:00:00Z,20+ years,1120843.7249,-882.5259387705254,11164208.1625,-1841.717563204735
2015-01-31T00:00:00Z,4-8 years,2692473.8503,-434.4955532977246,11164208.1625,-1841.717563204735
2015-01-31T00:00:00Z,8-12 years,629270.0107,-200.16372060073496,11164208.1625,-1841.717563204735
2015-01-31T00:00:00Z,less than a year,2759985.7303,-42.24414205783803,11164208.1625,-1841.717563204735
2015-02-28T00:00:00Z,1-2 years,1640847.9673,-44.86730094032117,11219541.5724,-1850.703711483956
2015-02-28T00:00:00Z,12-20 years,109941.079,-81.51790945080076,11219541.5724,-1850.703711483956
2015-02-28T00:00:00Z,2-4 years,2260667.0974,-157.90904104146804,11219541.5724,-1850.703711483956
2015-02-28T00:00:00Z,20+ years,1136844.3238,-892.0680061838731,11219541.5724,-1850.703711483956
2015-02-28T00:00:00Z,4-8 years,2701943.6856,-440.6841074184939,11219541.5724,-1850.703711483956
2015-02-28T00:00:00Z,8-12 years,581009.2099,-189.99996332661982,11219541.5724,-1850.703711483956
2015-02-28T00:00:00Z,less than a year,2788288.2094,-43.657383122379166,11219541.5724,-1850.703711483956
2015-03-31T00:00:00Z,1-2 years,1640962.5189,-44.28721289855648,11349903.5209,-1862.385678530474
2015-03-31T00:00:00Z,12-20 years,109941.079,-80.8322280656963,11349903.5209,-1862.385678530474
2015-03-31T00:00:00Z,2-4 years,2276886.049,-155.80939504726433,11349903.5209,-1862.385678530474
2015-03-31T00:00:00Z,20+ years,1149844.3251,-900.1342354749029,11349903.5209,-1862.385678530474
2015-03-31T00:00:00Z,4-8 years,2765438.6909,-445.2035131022513,11349903.5209,-1862.385678530474
2015-03-31T00:00:00Z,8-12 years,602004.3443,-193.55053921272662,11349903.5209,-1862.385678530474
2015-03-31T00:00:00Z,less than a year,2804826.5137,-42.56855472907609,11349903.5209,-1862.385678530474
2015-04-30T00:00:00Z,1-2 years,1640168.3573,-44.00945350347261,11337529.1999,-1863.653721816541
2015-04-30T00:00:00Z,12-20 years,109941.079,-80.16866543495007,11337529.1999,-1863.653721816541
2015-04-30T00:00:00Z,2-4 years,2266732.7769,-152.8943787413179,11337529.1999,-1863.653721816541
2015-04-30T00:00:00Z,20+ years,1162844.3339,-903.7075085959207,11337529.1999,-1863.653721816541
2015-04-30T00:00:00Z,4-8 years,2764984.0476,-440.70339469525265,11337529.1999,-1863.653721816541
2015-04-30T00:00:00Z,8-12 years,623004.3545,-196.51841686820197,11337529.1999,-1863.653721816541
2015-04-30T00:00:00Z,less than a year,2769854.2507,-45.651903977424865,11337529.1999,-1863.653721816541
2015-05-31T00:00:00Z,1-2 years,1634807.303,-46.075452678699584,11272663.0172,-1862.74732810955
2015-05-31T00:00:00Z,12-20 years,109941.079,-80.39671772509067,11272663.0172,-1862.74732810955
2015-05-31T00:00:00Z,2-4 years,2255601.6215,-153.70699850423247,11272663.0172,-1862.74732810955
2015-05-31T00:00:00Z,20+ years,1179206.2348,-914.484561200491,11272663.0172,-1862.74732810955
2015-05-31T00:00:00Z,4-8 years,2701794.4517,-431.25933234207724,11272663.0172,-1862.74732810955
2015-05-31T00:00:00Z,8-12 years,581546.9245,-189.8571425529823,11272663.0172,-1862.74732810955
2015-05-31T00:00:00Z,less than a year,2809765.4027,-46.96712310597708,11272663.0172,-1862.74732810955
2015-06-30T00:00:00Z,1-2 years,1627627.9002,-44.841088118134174,11350303.5783,-1871.687436717952
2015-06-30T00:00:00Z,12-20 years,109941.079,-79.73315509434444,11350303.5783,-1871.687436717952
2015-06-30T00:00:00Z,2-4 years,2274939.259,-151.60013402031953,11350303.5783,-1871.687436717952
2015-06-30T00:00:00Z,20+ years,1192206.0474,-919.2367618126749,11350303.5783,-1871.687436717952
2015-06-30T00:00:00Z,4-8 years,2765781.5645,-437.10706884257695,11350303.5783,-1871.687436717952
2015-06-30T00:00:00Z,8-12 years,602546.9594,-193.17627143349583,11350303.5783,-1871.687436717952
2015-06-30T00:00:00Z,less than a year,2777260.7688,-45.9929573964058,11350303.5783,-1871.687436717952
2015-07-31T00:00:00Z,1-2 years,1620973.2342,-43.47330164460791,11438066.8961,-1872.676029685906
2015-07-31T00:00:00Z,12-20 years,109941.079,-79.04747370923997,11438066.8961,-1872.676029685906
2015-07-31T00:00:00Z,2-4 years,2269984.5731,-148.97781808045195,11438066.8961,-1872.676029685906
2015-07-31T00:00:00Z,20+ years,1205206.0485,-923.7541118632449,11438066.8961,-1872.676029685906
2015-07-31T00:00:00Z,4-8 years,2765485.4003,-434.1544227630621,11438066.8961,-1872.676029685906
2015-07-31T00:00:00Z,8-12 years,623527.5818,-196.32296661880244,11438066.8961,-1872.676029685906
2015-07-31T00:00:00Z,less than a year,2842948.9792,-46.94593500649702,11438066.8961,-1872.676029685906
2015-08-31T00:00:00Z,1-2 years,1629585.4328,-45.40313628030612,11437964.3265,-1880.721390054623
2015-08-31T00:00:00Z,12-20 years,100744.323,-72.3847822426322,11437964.3265,-1880.721390054623
2015-08-31T00:00:00Z,2-4 years,2313251.3165,-159.8840650890872,11437964.3265,-1880.721390054623
2015-08-31T00:00:00Z,20+ years,1221527.6957999999,-935.3496000799929,11437964.3265,-1880.721390054623
2015-08-31T00:00:00Z,4-8 years,2768439.3186,-441.09552422520267,11437964.3265,-1880.721390054623
2015-08-31T00:00:00Z,8-12 years,568547.8038,-180.12680061434847,11437964.3265,-1880.721390054623
2015-08-31T00:00:00Z,less than a year,2835868.436,-46.477481523053925,11437964.3265,-1880.721390054623
2015-09-30T00:00:00Z,1-2 years,1622389.8289,-43.759911779018495,11418883.9954,-1877.539257767817
2015-09-30T00:00:00Z,12-20 years,100744.323,-71.78213809507896,11418883.9954,-1877.539257767817
2015-09-30T00:00:00Z,2-4 years,2309539.4592999998,-157.82723227051065,11418883.9954,-1877.539257767817
2015-09-30T00:00:00Z,20+ years,1234527.0295,-939.513441404632,11418883.9954,-1877.539257767817
2015-09-30T00:00:00Z,4-8 years,2768437.5659,-437.25251492470085,11418883.9954,-1877.539257767817
2015-09-30T00:00:00Z,8-12 years,589547.8955,-183.22351589308903,11418883.9954,-1877.539257767817
2015-09-30T00:00:00Z,less than a year,2793697.8933,-44.1805034007871,11418883.9954,-1877.539257767817
2015-10-31T00:00:00Z,1-2 years,1615700.6082,-42.118938250661174,11292167.9309,-1867.423709617635
2015-10-31T00:00:00Z,12-20 years,100744.323,-71.15940580927395,11292167.9309,-1867.423709617635
2015-10-31T00:00:00Z,2-4 years,2279626.1041,-155.53009390537528,11292167.9309,-1867.423709617635
2015-10-31T00:00:00Z,20+ years,1247527.0347,-943.4419178108028,11292167.9309,-1867.423709617635
2015-10-31T00:00:00Z,4-8 years,2704437.3011,-425.6736046127438,11292167.9309,-1867.423709617635
2015-10-31T00:00:00Z,8-12 years,610547.8962,-186.16259936520953,11292167.9309,-1867.423709617635
2015-10-31T00:00:00Z,less than a year,2733584.6636,-43.3371498635683,11292167.9309,-1867.423709617635
2015-11-30T00:00:00Z,1-2 years,1590836.4237,-40.620941937119554,11640286.5048,-1885.658691414277
2015-11-30T00:00:00Z,12-20 years,78722.984,-55.6424371694274,11640286.5048,-1885.658691414277
2015-11-30T00:00:00Z,2-4 years,2346481.7752,-162.78489890120616,11640286.5048,-1885.658691414277
2015-11-30T00:00:00Z,20+ years,1263608.7155,-955.0807445137128,11640286.5048,-1885.658691414277
2015-11-30T00:00:00Z,4-8 years,2763397.4783,-436.80990549518765,11640286.5048,-1885.658691414277
2015-11-30T00:00:00Z,8-12 years,590695.1959,-188.95844012110373,11640286.5048,-1885.658691414277
2015-11-30T00:00:00Z,less than a year,3006543.9322,-45.76132327651951,11640286.5048,-1885.658691414277
2015-12-31T00:00:00Z,1-2 years,1579432.7741,-39.59252126932588,11695515.1756,-1887.124169343335
2015-12-31T00:00:00Z,12-20 years,78722.984,-55.16452352959749,11695515.1756,-1887.124169343335
2015-12-31T00:00:00Z,2-4 years,2344337.0066,-160.423319326114,11695515.1756,-1887.124169343335
2015-12-31T00:00:00Z,20+ years,1276608.7188,-959.2513292501184,11695515.1756,-1887.124169343335
2015-12-31T00:00:00Z,4-8 years,2763397.2574,-434.81628757848904,11695515.1756,-1887.124169343335
2015-12-31T00:00:00Z,8-12 years,611695.3061,-192.44921022272334,11695515.1756,-1887.124169343335
2015-12-31T00:00:00Z,less than a year,3041321.1286,-45.42697816696675,11695515.1756,-1887.124169343335
2016-01-31T00:00:00Z,1-2 years,1568803.2593,-39.14996577192622,11617787.7751,-1902.20267939666
2016-01-31T00:00:00Z,12-20 years,78722.984,-56.04272996865838,11617787.7751,-1902.20267939666
2016-01-31T00:00:00Z,2-4 years,2316884.5435,-159.02866823730463,11617787.7751,-1902.20267939666
2016-01-31T00:00:00Z,20+ years,1289603.7044,-976.7882697174797,11617787.7751,-1902.20267939666
2016-01-31T00:00:00Z,4-8 years,2699397.2053,-428.34163517946115,11617787.7751,-1902.20267939666
2016-01-31T00:00:00Z,8-12 years,632693.9455,-198.78654777208817,11617787.7751,-1902.20267939666
2016-01-31T00:00:00Z,less than a year,3031682.1331,-44.06486274974163,11617787.7751,-1902.20267939666
2016-02-29T00:00:00Z,1-2 years,1676965.8986,-43.54192072529576,11816349.2494,-1918.60466808776
2016-02-29T00:00:00Z,12-20 years,105120.114,-76.41526001909014,11816349.2494,-1918.60466808776
2016-02-29T00:00:00Z,2-4 years,2294489.3423,-166.17656303558726,11816349.2494,-1918.60466808776
2016-02-29T00:00:00Z,20+ years,1279379.3961,-965.8017688436172,11816349.2494,-1918.60466808776
2016-02-29T00:00:00Z,4-8 years,2768266.0239,-435.4070511558472,11816349.2494,-1918.60466808776
2016-02-29T00:00:00Z,8-12 years,591502.9614,-185.67675082296455,11816349.2494,-1918.60466808776
2016-02-29T00:00:00Z,less than a year,3100625.5131,-45.58535348535783,11816349.2494,-1918.60466808776
2016-03-31T00:00:00Z,1-2 years,1674176.6149,-43.11823546594958,11921622.2715,-1925.865833044973
2016-03-31T00:00:00Z,12-20 years,105120.114,-75.80980711950207,11921622.2715,-1925.865833044973
2016-03-31T00:00:00Z,2-4 years,2293188.7029,-163.2833372788611,11921622.2715,-1925.865833044973
2016-03-31T00:00:00Z,20+ years,1291379.2961,-973.2749520021027,11921622.2715,-1925.865833044973
2016-03-31T00:00:00Z,4-8 years,2781038.8606000002,-433.1987522709216,11921622.2715,-1925.865833044973
2016-03-31T00:00:00Z,8-12 years,611503.0232,-188.2438921722359,11921622.2715,-1925.865833044973
2016-03-31T00:00:00Z,less than a year,3165215.6598,-48.93685673539978,11921622.2715,-1925.865833044973
2016-04-30T00:00:00Z,1-2 years,1639069.6203,-41.496229780359805,11758871.4641,-1911.809766703246
2016-04-30T00:00:00Z,12-20 years,105120.114,-75.22388495861038,11758871.4641,-1911.809766703246
2016-04-30T00:00:00Z,2-4 years,2291528.7523,-160.35499577856643,11758871.4641,-1911.809766703246
2016-04-30T00:00:00Z,20+ years,1303458.7438,-975.9059218862056,11758871.4641,-1911.809766703246
2016-04-30T00:00:00Z,4-8 years,2717037.766,-422.31535770640073,11758871.4641,-1911.809766703246
2016-04-30T00:00:00Z,8-12 years,631643.7813,-190.2430292119276,11758871.4641,-1911.809766703246
2016-04-30T00:00:00Z,less than a year,3071012.6864,-46.270347381175164,11758871.4641,-1911.809766703246
2016-05-31T00:00:00Z,1-2 years,1671528.18,-42.91636278182573,11883748.4923,-1928.106769046638
2016-05-31T00:00:00Z,12-20 years,105120.114,-75.11460741038657,11883748.4923,-1928.106769046638
2016-05-31T00:00:00Z,2-4 years,2329106.8983,-167.1587767414807,11883748.4923,-1928.106769046638
2016-05-31T00:00:00Z,20+ years,1321850.9897,-986.4444122631849,11883748.4923,-1928.106769046638
2016-05-31T00:00:00Z,4-8 years,2799391.3295,-431.0230157093043,11883748.4923,-1928.106769046638
2016-05-31T00:00:00Z,8-12 years,593850.0046,-178.78302149331924,11883748.4923,-1928.106769046638
2016-05-31T00:00:00Z,less than a year,3062900.9762,-46.66657264713667,11883748.4923,-1928.106769046638
2016-06-30T00:00:00Z,1-2 years,1669588.9825,-42.67910630064637,11898665.5873,-1924.943642955802
2016-06-30T00:00:00Z,12-20 years,105120.114,-74.52868524949487,11898665.5873,-1924.943642955802
2016-06-30T00:00:00Z,2-4 years,2328173.0183,-164.10500039535808,11898665.5873,-1924.943642955802
2016-06-30T00:00:00Z,20+ years,1333850.9719,-988.9775543070725,11898665.5873,-1924.943642955802
2016-06-30T00:00:00Z,4-8 years,2806430.9811,-426.248165007612,11898665.5873,-1924.943642955802
2016-06-30T00:00:00Z,8-12 years,613850.0452,-180.88365563278816,11898665.5873,-1924.943642955802
2016-06-30T00:00:00Z,less than a year,3041651.4743,-47.52147606283052,11898665.5873,-1924.943642955802
2016-07-31T00:00:00Z,1-2 years,1639203.5861,-41.786271400090726,11874545.3549,-1913.272411045657
2016-07-31T00:00:00Z,12-20 years,105120.114,-73.9232323499068,11874545.3549,-1913.272411045657
2016-07-31T00:00:00Z,2-4 years,2328872.3253,-162.02298974709342,11874545.3549,-1913.272411045657
2016-07-31T00:00:00Z,20+ years,1346632.2785,-991.7649698848661,11874545.3549,-1913.272411045657
2016-07-31T00:00:00Z,4-8 years,2742430.9376,-413.7628221218861,11874545.3549,-1913.272411045657
2016-07-31T00:00:00Z,8-12 years,635152.7456,-183.10337574697385,11874545.3549,-1913.272411045657
2016-07-31T00:00:00Z,less than a year,3077133.3678,-46.90874979483943,11874545.3549,-1913.272411045657
2016-08-31T00:00:00Z,1-2 years,1664047.9097,-42.453802914454656,12065608.6393,-1923.981516404966
2016-08-31T00:00:00Z,12-20 years,93343.913,-66.86590438246716,12065608.6393,-1923.981516404966
2016-08-31T00:00:00Z,2-4 years,2378067.6741,-171.785070604634,12065608.6393,-1923.981516404966
2016-08-31T00:00:00Z,20+ years,1363168.638,-1001.0587097710521,12065608.6393,-1923.981516404966
2016-08-31T00:00:00Z,4-8 years,2792090.7709,-413.85345001801085,12065608.6393,-1923.981516404966
2016-08-31T00:00:00Z,8-12 years,606286.2312,-179.1835542761746,12065608.6393,-1923.981516404966
2016-08-31T00:00:00Z,less than a year,3168603.5024,-48.78102443817266,12065608.6393,-1923.981516404966
2016-09-30T00:00:00Z,1-2 years,1662825.9125,-41.86826103490351,12103385.4498,-1921.576943274904
2016-09-30T00:00:00Z,12-20 years,93343.913,-66.34728021681875,12103385.4498,-1921.576943274904
2016-09-30T00:00:00Z,2-4 years,2377164.9997,-170.1127101492042,12103385.4498,-1921.576943274904
2016-09-30T00:00:00Z,20+ years,1375168.6543,-1002.7943893396954,12103385.4498,-1921.576943274904
2016-09-30T00:00:00Z,4-8 years,2793869.9968,-408.0208344793659,12103385.4498,-1921.576943274904
2016-09-30T00:00:00Z,8-12 years,626286.2742,-180.95459887635096,12103385.4498,-1921.576943274904
2016-09-30T00:00:00Z,less than a year,3174725.6993,-51.47886917856577,12103385.4498,-1921.576943274904
2016-10-31T00:00:00Z,1-2 years,1661585.0396,-41.34451679228442,12231605.8738,-1916.193689596407
2016-10-31T00:00:00Z,12-20 years,93343.913,-65.81136857898207,12231605.8738,-1916.193689596407
2016-10-31T00:00:00Z,2-4 years,2376064.7318,-168.17675516885342,12231605.8738,-1916.193689596407
2016-10-31T00:00:00Z,20+ years,1387168.6853,-1004.305173867835,12231605.8738,-1916.193689596407
2016-10-31T00:00:00Z,4-8 years,2795618.3114,-403.2403247711677,12231605.8738,-1916.193689596407
2016-10-31T00:00:00Z,8-12 years,646286.4953,-182.5953691383428,12231605.8738,-1916.193689596407
2016-10-31T00:00:00Z,less than a year,3271538.6974,-50.720181278942036,12231605.8738,-1916.193689596407
2016-11-30T00:00:00Z,1-2 years,1700008.7246,-45.62354048721824,12354922.5873,-1928.632918814712
2016-11-30T00:00:00Z,12-20 years,82396.861,-58.756046901865865,12354922.5873,-1928.632918814712
2016-11-30T00:00:00Z,2-4 years,2382769.3076,-168.3168109128146,12354922.5873,-1928.632918814712
2016-11-30T00:00:00Z,20+ years,1405452.5021,-1017.0727744606176,12354922.5873,-1928.632918814712
2016-11-30T00:00:00Z,4-8 years,2808443.4949,-413.5620220743609,12354922.5873,-1928.632918814712
2016-11-30T00:00:00Z,8-12 years,609632.752,-174.35919693980685,12354922.5873,-1928.632918814712
2016-11-30T00:00:00Z,less than a year,3366218.9451,-50.94252703802783,12354922.5873,-1928.632918814712
2016-12-31T00:00:00Z,1-2 years,1672782.8085,-44.38847251266443,12229824.9345,-1917.888337104476
2016-12-31T00:00:00Z,12-20 years,82396.861,-58.28184179778428,12229824.9345,-1917.888337104476
2016-12-31T00:00:00Z,2-4 years,2381828.3256,-167.02986196114597,12229824.9345,-1917.888337104476
2016-12-31T00:00:00Z,20+ years,1417452.5319,-1019.9334644387778,12229824.9345,-1917.888337104476
2016-12-31T00:00:00Z,4-8 years,2744442.3231,-401.2059752925026,12229824.9345,-1917.888337104476
2016-12-31T00:00:00Z,8-12 years,629632.7717,-177.20814305068384,12229824.9345,-1917.888337104476
2016-12-31T00:00:00Z,less than a year,3301289.3127,-49.84057805091699,12229824.9345,-1917.888337104476
2017-01-31T00:00:00Z,1-2 years,1702986.0874,-44.7300485010355,12302049.4261,-1953.020975226058
2017-01-31T00:00:00Z,12-20 years,82396.861,-59.17800174811099,12302049.4261,-1953.020975226058
2017-01-31T00:00:00Z,2-4 years,2382613.1058,-168.6659266951364,12302049.4261,-1953.020975226058
2017-01-31T00:00:00Z,20+ years,1430117.4598,-1037.1729617369485,12302049.4261,-1953.020975226058
2017-01-31T00:00:00Z,4-8 years,2816619.0027,-413.44291627813385,12302049.4261,-1953.020975226058
2017-01-31T00:00:00Z,8-12 years,650740.049,-183.10674424458102,12302049.4261,-1953.020975226058
2017-01-31T00:00:00Z,less than a year,3236576.8604,-46.7243760221121,12302049.4261,-1953.020975226058
2017-02-28T00:00:00Z,1-2 years,1740503.6216,-48.56567903052407,12315920.7278,-1967.20647841645
2017-02-28T00:00:00Z,12-20 years,87635.976,-65.41208249840261,12315920.7278,-1967.20647841645
2017-02-28T00:00:00Z,2-4 years,2389525.7277,-177.14466389290118,12315920.7278,-1967.20647841645
2017-02-28T00:00:00Z,20+ years,1430259.8935,-1035.2769750553457,12315920.7278,-1967.20647841645
2017-02-28T00:00:00Z,4-8 years,2820424.5398,-416.5579286957812,12315920.7278,-1967.20647841645
2017-02-28T00:00:00Z,8-12 years,612241.7285,-177.31384836537043,12315920.7278,-1967.20647841645
2017-02-28T00:00:00Z,less than a year,3235329.2407,-46.935300878124615,12315920.7278,-1967.20647841645
2017-03-31T00:00:00Z,1-2 years,1734046.6210999999,-47.88427238262852,12349656.4657,-1979.277261112659
2017-03-31T00:00:00Z,12-20 years,87635.976,-64.91725133899149,12349656.4657,-1979.277261112659
2017-03-31T00:00:00Z,2-4 years,2399312.511,-176.05630484955884,12349656.4657,-1979.277261112659
2017-03-31T00:00:00Z,20+ years,1442259.8877,-1043.8147146180809,12349656.4657,-1979.277261112659
2017-03-31T00:00:00Z,4-8 years,2815454.2119,-415.67820081235305,12349656.4657,-1979.277261112659
2017-03-31T00:00:00Z,8-12 years,632242.4901,-181.04962256181236,12349656.4657,-1979.277261112659
2017-03-31T00:00:00Z,less than a year,3238704.7679,-49.876894549234194,12349656.4657,-1979.277261112659
2017-04-30T00:00:00Z,1-2 years,1701499.2382,-46.1676391069605,12266413.1408,-1969.917371959618
2017-04-30T00:00:00Z,12-20 years,87635.976,-64.43838247504523,12266413.1408,-1969.917371959618
2017-04-30T00:00:00Z,2-4 years,2405647.7398,-175.2507328984376,12266413.1408,-1969.917371959618
2017-04-30T00:00:00Z,20+ years,1454358.5078,-1047.2226479372862,12266413.1408,-1969.917371959618
2017-04-30T00:00:00Z,4-8 years,2744343.4054,-403.2870156288668,12266413.1408,-1969.917371959618
2017-04-30T00:00:00Z,8-12 years,652406.8084,-184.50499158814867,12266413.1408,-1969.917371959618
2017-04-30T00:00:00Z,less than a year,3220521.4652,-49.04596232487307,12266413.1408,-1969.917371959618
2017-05-31T00:00:00Z,1-2 years,1753954.5064,-48.40228302401395,12390640.2793,-1996.020647470212
2017-05-31T00:00:00Z,12-20 years,109049.021,-82.28536394429494,12390640.2793,-1996.020647470212
2017-05-31T00:00:00Z,2-4 years,2427825.8802,-183.6353580589552,12390640.2793,-1996.020647470212
2017-05-31T00:00:00Z,20+ years,1452896.0677,-1042.6295564384607,12390640.2793,-1996.020647470212
2017-05-31T00:00:00Z,4-8 years,2802688.3136,-411.0393953493742,12390640.2793,-1996.020647470212
2017-05-31T00:00:00Z,8-12 years,616476.5545,-178.28946069891728,12390640.2793,-1996.020647470212
2017-05-31T00:00:00Z,less than a year,3227749.9359,-49.73922995619557,12390640.2793,-1996.020647470212
2017-06-30T00:00:00Z,1-2 years,1748340.1293,-47.253162413496504,12395087.225,-1999.799882935105
2017-06-30T00:00:00Z,12-20 years,109049.021,-81.69524952666768,12395087.225,-1999.799882935105
2017-06-30T00:00:00Z,2-4 years,2435212.4191,-182.72983172487042,12395087.225,-1999.799882935105
2017-06-30T00:00:00Z,20+ years,1464895.6594,-1046.014917602794,12395087.225,-1999.799882935105
2017-06-30T00:00:00Z,4-8 years,2800542.0152,-408.44234537979025,12395087.225,-1999.799882935105
2017-06-30T00:00:00Z,8-12 years,636476.4768000001,-182.03939415368993,12395087.225,-1999.799882935105
2017-06-30T00:00:00Z,less than a year,3200571.5042,-51.6249821337965,12395087.225,-1999.799882935105
2017-07-31T00:00:00Z,1-2 years,1747825.0365,-46.045162869071014,12471352.6283,-2000.276982150677
2017-07-31T00:00:00Z,12-20 years,109049.021,-81.08546462845285,12471352.6283,-2000.276982150677
2017-07-31T00:00:00Z,2-4 years,2438146.1627,-181.20726696769015,12471352.6283,-2000.276982150677
2017-07-31T00:00:00Z,20+ years,1477169.5777999999,-1049.3451529574008,12471352.6283,-2000.276982150677
2017-07-31T00:00:00Z,4-8 years,2800885.9073,-406.5976682421357,12471352.6283,-2000.276982150677
2017-07-31T00:00:00Z,8-12 years,656933.0396,-185.74635516358848,12471352.6283,-2000.276982150677
2017-07-31T00:00:00Z,less than a year,3241343.8834,-50.24991132233847,12471352.6283,-2000.276982150677
2017-08-31T00:00:00Z,1-2 years,1796829.8882,-51.59878784740861,12476058.3209,-2014.913333464938
2017-08-31T00:00:00Z,12-20 years,97870.44099999999,-73.84622293780502,12476058.3209,-2014.913333464938
2017-08-31T00:00:00Z,2-4 years,2434838.0806,-181.17516584752397,12476058.3209,-2014.913333464938
2017-08-31T00:00:00Z,20+ years,1496682.8514,-1061.9710709930434,12476058.3209,-2014.913333464938
2017-08-31T00:00:00Z,4-8 years,2800874.1882,-412.6567582800611,12476058.3209,-2014.913333464938
2017-08-31T00:00:00Z,8-12 years,620362.3573,-181.04799252090396,12476058.3209,-2014.913333464938
2017-08-31T00:00:00Z,less than a year,3228600.5142,-52.61733503819191,12476058.3209,-2014.913333464938
2017-09-30T00:00:00Z,1-2 years,1768164.3425999999,-49.76831593908657,12468152.3866,-2005.075083614485
2017-09-30T00:00:00Z,12-20 years,97870.44099999999,-73.32725066594907,12468152.3866,-2005.075083614485
2017-09-30T00:00:00Z,2-4 years,2436165.3969,-179.1397727253778,12468152.3866,-2005.075083614485
2017-09-30T00:00:00Z,20+ years,1508682.7316,-1064.5270666561303,12468152.3866,-2005.075083614485
2017-09-30T00:00:00Z,4-8 years,2735546.69,-401.2287891800573,12468152.3866,-2005.075083614485
2017-09-30T00:00:00Z,8-12 years,640362.263,-184.44123396470363,12468152.3866,-2005.075083614485
2017-09-30T00:00:00Z,less than a year,3281360.5215,-52.64265448318005,12468152.3866,-2005.075083614485
2017-10-31T00:00:00Z,1-2 years,1795564.5255,-49.81063299790762,12649691.4689,-2015.034447301361
2017-10-31T00:00:00Z,12-20 years,97870.44099999999,-72.7909793183646,12649691.4689,-2015.034447301361
2017-10-31T00:00:00Z,2-4 years,2437231.1699,-177.34255589436674,12649691.4689,-2015.034447301361
2017-10-31T00:00:00Z,20+ years,1520681.9085,-1066.834410545483,12649691.4689,-2015.034447301361
2017-10-31T00:00:00Z,4-8 years,2803734.5595,-409.5961932082474,12649691.4689,-2015.034447301361
2017-10-31T00:00:00Z,8-12 years,660362.2542,-187.67032645188945,12649691.4689,-2015.034447301361
2017-10-31T00:00:00Z,less than a year,3334246.6103,-50.9893488851022,12649691.4689,-2015.034447301361
2017-11-30T00:00:00Z,1-2 years,1805946.617,-51.17482041494432,12782108.4484,-2029.505568578781
2017-11-30T00:00:00Z,12-20 years,97870.44099999999,-72.65363790294211,12782108.4484,-2029.505568578781
2017-11-30T00:00:00Z,2-4 years,2465635.393,-188.16367062819472,12782108.4484,-2029.505568578781
2017-11-30T00:00:00Z,20+ years,1537505.6517,-1077.9300826152225,12782108.4484,-2029.505568578781
2017-11-30T00:00:00Z,4-8 years,2769429.6927,-404.70678368429736,12782108.4484,-2029.505568578781
2017-11-30T00:00:00Z,8-12 years,620023.1959,-179.38621740097767,12782108.4484,-2029.505568578781
2017-11-30T00:00:00Z,less than a year,3485697.4571000002,-55.49035593220203,12782108.4484,-2029.505568578781
2017-12-31T00:00:00Z,1-2 years,1775879.5067,-49.504133268225004,12706677.0899,-2017.619161867523
2017-12-31T00:00:00Z,12-20 years,97870.44099999999,-72.11736655535763,12706677.0899,-2017.619161867523
2017-12-31T00:00:00Z,2-4 years,2468254.0464,-186.9640150024756,12706677.0899,-2017.619161867523
2017-12-31T00:00:00Z,20+ years,1549504.7164999999,-1080.1865055311748,12706677.0899,-2017.619161867523
2017-12-31T00:00:00Z,4-8 years,2702810.4881,-392.3334208567987,12706677.0899,-2017.619161867523
2017-12-31T00:00:00Z,8-12 years,640023.1922,-182.7093282624317,12706677.0899,-2017.619161867523
2017-12-31T00:00:00Z,less than a year,3472334.699,-53.8043923910601,12706677.0899,-2017.619161867523
2018-01-31T00:00:00Z,1-2 years,1806035.0787,-50.69569146016726,12860973.5324,-2059.171586012209
2018-01-31T00:00:00Z,12-20 years,97870.44099999999,-72.81951276615752,12860973.5324,-2059.171586012209
2018-01-31T00:00:00Z,2-4 years,2471260.5293,-188.97646374444187,12860973.5324,-2059.171586012209
2018-01-31T00:00:00Z,20+ years,1561910.6591999999,-1097.490442114107,12860973.5324,-2059.171586012209
2018-01-31T00:00:00Z,4-8 years,2776506.498,-406.930800331331,12860973.5324,-2059.171586012209
2018-01-31T00:00:00Z,8-12 years,660700.5454000001,-188.98556231506154,12860973.5324,-2059.171586012209
2018-01-31T00:00:00Z,less than a year,3486689.7808,-53.27311328094274,12860973.5324,-2059.171586012209
2018-02-28T00:00:00Z,1-2 years,1724029.1368,-51.85682422035554,13001404.1432,-2085.753594089122
2018-02-28T00:00:00Z,12-20 years,120395.5897,-89.37867918029096,13001404.1432,-2085.753594089122
2018-02-28T00:00:00Z,2-4 years,2568514.0963,-191.76911430396663,13001404.1432,-2085.753594089122
2018-02-28T00:00:00Z,20+ years,1558407.7507,-1093.6874352979858,13001404.1432,-2085.753594089122
2018-02-28T00:00:00Z,4-8 years,2794537.3411,-421.4099591924643,13001404.1432,-2085.753594089122
2018-02-28T00:00:00Z,8-12 years,611452.0195,-179.96244294017347,13001404.1432,-2085.753594089122
2018-02-28T00:00:00Z,less than a year,3624068.2091,-57.689138953885475,13001404.1432,-2085.753594089122
2018-03-31T00:00:00Z,1-2 years,1728744.5855,-51.78165401240473,13152911.1123,-2090.503106657909
2018-03-31T00:00:00Z,12-20 years,120395.5897,-89.11317557898259,13152911.1123,-2090.503106657909
2018-03-31T00:00:00Z,2-4 years,2541405.0449,-190.1452161910423,13152911.1123,-2090.503106657909
2018-03-31T00:00:00Z,20+ years,1571407.7428,-1102.6620783354167,13152911.1123,-2090.503106657909
2018-03-31T00:00:00Z,4-8 years,2726821.9486,-409.22723674958075,13152911.1123,-2090.503106657909
2018-03-31T00:00:00Z,8-12 years,632452.0233,-185.08088244369588,13152911.1123,-2090.503106657909
2018-03-31T00:00:00Z,less than a year,3831684.1774999998,-62.492863346786265,13152911.1123,-2090.503106657909
2018-04-30T00:00:00Z,1-2 years,1734220.3267,-51.499231234458016,13193110.1556,-2114.677394488128
2018-04-30T00:00:00Z,12-20 years,120395.5897,-88.49180802383002,13193110.1556,-2114.677394488128
2018-04-30T00:00:00Z,2-4 years,2586455.3219,-192.2698266338547,13193110.1556,-2114.677394488128
2018-04-30T00:00:00Z,20+ years,1584430.0161,-1106.4235472712232,13193110.1556,-2114.677394488128
2018-04-30T00:00:00Z,4-8 years,2807147.8511,-425.3929386209865,13193110.1556,-2114.677394488128
2018-04-30T00:00:00Z,8-12 years,653488.074,-189.80004464599813,13193110.1556,-2114.677394488128
2018-04-30T00:00:00Z,less than a year,3706972.9761,-60.79999805777755,13193110.1556,-2114.677394488128
2018-05-31T00:00:00Z,1-2 years,1753992.4098,-55.938591242620646,13250463.881,-2143.132521918311
2018-05-31T00:00:00Z,12-20 years,128852.5505,-95.84414354635389,13250463.881,-2143.132521918311
2018-05-31T00:00:00Z,2-4 years,2592452.2229,-191.9502397416487,13250463.881,-2143.132521918311
2018-05-31T00:00:00Z,20+ years,1580028.0770999999,-1101.4725195704775,13250463.881,-2143.132521918311
2018-05-31T00:00:00Z,4-8 years,2817352.6379,-433.80297411569865,13250463.881,-2143.132521918311
2018-05-31T00:00:00Z,8-12 years,632061.1589,-199.90209038406456,13250463.881,-2143.132521918311
2018-05-31T00:00:00Z,less than a year,3745724.8239,-64.22196331744756,13250463.881,-2143.132521918311
2018-06-30T00:00:00Z,1-2 years,1763572.5161000001,-56.23674548207862,13173735.4978,-2135.997968501404
2018-06-30T00:00:00Z,12-20 years,128852.5505,-95.21422383244104,13173735.4978,-2135.997968501404
2018-06-30T00:00:00Z,2-4 years,2564820.6914,-189.82918116383433,13173735.4978,-2135.997968501404
2018-06-30T00:00:00Z,20+ years,1594028.1064,-1106.3063042368974,13173735.4978,-2135.997968501404
2018-06-30T00:00:00Z,4-8 years,2750262.5069,-420.8271525133054,13173735.4978,-2135.997968501404
2018-06-30T00:00:00Z,8-12 years,654061.1761,-205.12305937082775,13173735.4978,-2135.997968501404
2018-06-30T00:00:00Z,less than a year,3718137.9504,-62.46130190201948,13173735.4978,-2135.997968501404
2018-07-31T00:00:00Z,1-2 years,1771333.0176,-56.72142720670171,13393174.9182,-2160.990211546121
2018-07-31T00:00:00Z,12-20 years,128852.5505,-94.56330679473109,13393174.9182,-2160.990211546121
2018-07-31T00:00:00Z,2-4 years,2613433.7012,-192.09834885588566,13393174.9182,-2160.990211546121
2018-07-31T00:00:00Z,20+ years,1608081.5174,-1110.9022214464699,13393174.9182,-2160.990211546121
2018-07-31T00:00:00Z,4-8 years,2826933.1929,-435.81677093738017,13393174.9182,-2160.990211546121
2018-07-31T00:00:00Z,8-12 years,676146.7077,-210.15944853430264,13393174.9182,-2160.990211546121
2018-07-31T00:00:00Z,less than a year,3768394.2309,-60.728687770649934,13393174.9182,-2160.990211546121
2018-08-31T00:00:00Z,1-2 years,1783556.9166,-60.25612511112991,13574056.4775,-2187.934619507397
2018-08-31T00:00:00Z,12-20 years,128852.5505,-95.1606544155033,13574056.4775,-2187.934619507397
2018-08-31T00:00:00Z,2-4 years,2616090.9887,-193.47428326602508,13574056.4775,-2187.934619507397
2018-08-31T00:00:00Z,20+ years,1628496.3229,-1124.8164448227503,13574056.4775,-2187.934619507397
2018-08-31T00:00:00Z,4-8 years,2831312.8579,-443.4308082136888,13574056.4775,-2187.934619507397
2018-08-31T00:00:00Z,8-12 years,631475.5243,-204.0517872612007,13574056.4775,-2187.934619507397
2018-08-31T00:00:00Z,less than a year,3954271.3166,-66.74451641709844,13574056.4775,-2187.934619507397
2018-09-30T00:00:00Z,1-2 years,1795272.7804,-60.71157075708596,13429581.844,-2180.099995478981
2018-09-30T00:00:00Z,12-20 years,128852.5505,-94.53073470159043,13429581.844,-2180.099995478981
2018-09-30T00:00:00Z,2-4 years,2588624.4899,-190.8256690908204,13429581.844,-2180.099995478981
2018-09-30T00:00:00Z,20+ years,1643496.346,-1129.6984998370212,13429581.844,-2180.099995478981
2018-09-30T00:00:00Z,4-8 years,2767247.3228,-430.83819778325096,13429581.844,-2180.099995478981
2018-09-30T00:00:00Z,8-12 years,654475.4902,-209.42263004944414,13429581.844,-2180.099995478981
2018-09-30T00:00:00Z,less than a year,3851612.8642,-64.0726932597683,13429581.844,-2180.099995478981
2018-10-31T00:00:00Z,1-2 years,1803023.0744,-60.910027045604316,13618964.4975,-2205.43214787255
2018-10-31T00:00:00Z,12-20 years,128852.5505,-93.87981766388049,13618964.4975,-2205.43214787255
2018-10-31T00:00:00Z,2-4 years,2641852.2529,-193.64514566554683,13618964.4975,-2205.43214787255
2018-10-31T00:00:00Z,20+ years,1658496.2985,-1134.2955975846521,13618964.4975,-2205.43214787255
2018-10-31T00:00:00Z,4-8 years,2839022.7511,-446.62853864855344,13618964.4975,-2205.43214787255
2018-10-31T00:00:00Z,8-12 years,677475.7593,-214.5723154604899,13618964.4975,-2205.43214787255
2018-10-31T00:00:00Z,less than a year,3870241.8108,-61.500705803823024,13618964.4975,-2205.43214787255
2018-11-30T00:00:00Z,1-2 years,1808402.1066,-62.603086010230356,13787985.8505,-2237.967662529141
2018-11-30T00:00:00Z,12-20 years,128852.5505,-94.0203017962558,13787985.8505,-2237.967662529141
2018-11-30T00:00:00Z,2-4 years,2669768.549,-198.04728173279676,13787985.8505,-2237.967662529141
2018-11-30T00:00:00Z,20+ years,1681369.8891999999,-1151.7193397583078,13787985.8505,-2237.967662529141
2018-11-30T00:00:00Z,4-8 years,2860051.6209,-461.15018370292887,13787985.8505,-2237.967662529141
2018-11-30T00:00:00Z,8-12 years,629977.5866,-205.33450919815726,13787985.8505,-2237.967662529141
2018-11-30T00:00:00Z,less than a year,4009563.5477,-65.09296033046388,13787985.8505,-2237.967662529141
2018-12-31T00:00:00Z,1-2 years,1823417.8593000001,-63.2056417827739,13811492.1953,-2245.601986177686
2018-12-31T00:00:00Z,12-20 years,128852.5505,-93.36938475854582,13811492.1953,-2245.601986177686
2018-12-31T00:00:00Z,2-4 years,2682188.2116,-197.64968120272383,13811492.1953,-2245.601986177686
2018-12-31T00:00:00Z,20+ years,1697369.8810999999,-1158.0052358035962,13811492.1953,-2245.601986177686
2018-12-31T00:00:00Z,4-8 years,2868204.3174,-460.94596662952944,13811492.1953,-2245.601986177686
2018-12-31T00:00:00Z,8-12 years,653977.1201000001,-211.5158142275817,13811492.1953,-2245.601986177686
2018-12-31T00:00:00Z,less than a year,3957482.2553,-60.91026177293509,13811492.1953,-2245.601986177686
2019-01-31T00:00:00Z,1-2 years,1833506.7477,-64.37799581680846,13845361.4687,-2288.229972897638
2019-01-31T00:00:00Z,12-20 years,128852.5505,-93.94311312535767,13845361.4687,-2288.229972897638
2019-01-31T00:00:00Z,2-4 years,2698819.073,-199.65066482069273,13845361.4687,-2288.229972897638
2019-01-31T00:00:00Z,20+ years,1713364.5798,-1180.2817305814137,13845361.4687,-2288.229972897638
2019-01-31T00:00:00Z,4-8 years,2873759.8557,-465.0902996147954,13845361.4687,-2288.229972897638
2019-01-31T00:00:00Z,8-12 years,677976.8617,-220.84291643752078,13845361.4687,-2288.229972897638
2019-01-31T00:00:00Z,less than a year,3919081.8003,-64.04325250104927,13845361.4687,-2288.229972897638
2019-02-28T00:00:00Z,1-2 years,1845053.2049,-68.57766920535067,13973244.028,-2315.691559754924
2019-02-28T00:00:00Z,12-20 years,138333.4718,-99.49708593126105,13973244.028,-2315.691559754924
2019-02-28T00:00:00Z,2-4 years,2724984.3767,-205.27842310891182,13973244.028,-2315.691559754924
2019-02-28T00:00:00Z,20+ years,1711030.6142,-1180.5025346759096,13973244.028,-2315.691559754924
2019-02-28T00:00:00Z,4-8 years,2875310.1368,-473.4238028876095,13973244.028,-2315.691559754924
2019-02-28T00:00:00Z,8-12 years,652568.7442000001,-220.72484677468145,13973244.028,-2315.691559754924
2019-02-28T00:00:00Z,less than a year,4025963.4794,-67.68719717119973,13973244.028,-2315.691559754924
2019-03-31T00:00:00Z,1-2 years,1866631.1475,-68.7636991579138,14017399.5812,-2314.728275791047
2019-03-31T00:00:00Z,12-20 years,138333.4718,-99.6031011911501,14017399.5812,-2314.728275791047
2019-03-31T00:00:00Z,2-4 years,2699491.2504,-204.22545643407463,14017399.5812,-2314.728275791047
2019-03-31T00:00:00Z,20+ years,1727030.4978999998,-1191.2555772610103,14017399.5812,-2314.728275791047
2019-03-31T00:00:00Z,4-8 years,2794401.4224,-458.38042865773923,14017399.5812,-2314.728275791047
2019-03-31T00:00:00Z,8-12 years,676568.7774,-226.25985658850692,14017399.5812,-2314.728275791047
2019-03-31T00:00:00Z,less than a year,4114943.0138,-66.24015650065135,14017399.5812,-2314.728275791047
2019-04-30T00:00:00Z,1-2 years,1884302.656,-68.90797083277413,14108314.746,-2334.35307151956
2019-04-30T00:00:00Z,12-20 years,138333.4718,-98.97070711226213,14108314.746,-2334.35307151956
2019-04-30T00:00:00Z,2-4 years,2752691.9599,-206.49118517587104,14108314.746,-2334.35307151956
2019-04-30T00:00:00Z,20+ years,1743032.5223,-1196.6781386424905,14108314.746,-2334.35307151956
2019-04-30T00:00:00Z,4-8 years,2865496.3061,-467.608123162923,14108314.746,-2334.35307151956
2019-04-30T00:00:00Z,8-12 years,700572.1453,-231.1717583084621,14108314.746,-2334.35307151956
2019-04-30T00:00:00Z,less than a year,4023885.6846,-64.5251882847771,14108314.746,-2334.35307151956
2019-05-31T00:00:00Z,1-2 years,1903422.4448,-72.43334022127367,14128743.7756,-2356.504384173062
2019-05-31T00:00:00Z,12-20 years,177112.2448,-126.97666288315193,14128743.7756,-2356.504384173062
2019-05-31T00:00:00Z,2-4 years,2761658.2293,-206.13534189385476,14128743.7756,-2356.504384173062
2019-05-31T00:00:00Z,20+ years,1729726.2382,-1185.0164861507624,14128743.7756,-2356.504384173062
2019-05-31T00:00:00Z,4-8 years,2876307.1229,-475.2414333374213,14128743.7756,-2356.504384173062
2019-05-31T00:00:00Z,8-12 years,665719.6422,-223.85702284103448,14128743.7756,-2356.504384173062
2019-05-31T00:00:00Z,less than a year,4014797.8534,-66.84409684556333,14128743.7756,-2356.504384173062
2019-06-30T00:00:00Z,1-2 years,1924580.6224,-72.43418509125003,13986299.1773,-2344.400762783984
2019-06-30T00:00:00Z,12-20 years,177112.2448,-126.17302407179196,13986299.1773,-2344.400762783984
2019-06-30T00:00:00Z,2-4 years,2729164.9149,-203.85461291191854,13986299.1773,-2344.400762783984
2019-06-30T00:00:00Z,20+ years,1745725.8867,-1190.158292836339,13986299.1773,-2344.400762783984
2019-06-30T00:00:00Z,4-8 years,2798921.3637,-459.2921926361544,13986299.1773,-2344.400762783984
2019-06-30T00:00:00Z,8-12 years,689744.6432,-228.23457945863012,13986299.1773,-2344.400762783984
2019-06-30T00:00:00Z,less than a year,3921049.5016,-64.25387577790002,13986299.1773,-2344.400762783984
2019-07-31T00:00:00Z,1-2 years,1941183.0889,-71.35396748507934,14138659.4158,-2355.762882634597
2019-07-31T00:00:00Z,12-20 years,177112.2448,-125.34259730005331,14138659.4158,-2355.762882634597
2019-07-31T00:00:00Z,2-4 years,2780551.9215,-204.41853330737135,14138659.4158,-2355.762882634597
2019-07-31T00:00:00Z,20+ years,1761862.1180999998,-1195.098046013487,14138659.4158,-2355.762882634597
2019-07-31T00:00:00Z,4-8 years,2879426.5625,-464.79843036323473,14138659.4158,-2355.762882634597
2019-07-31T00:00:00Z,8-12 years,713948.9836,-232.4542737805814,14138659.4158,-2355.762882634597
2019-07-31T00:00:00Z,less than a year,3884574.4964,-62.2970343847901,14138659.4158,-2355.762882634597
2019-08-31T00:00:00Z,1-2 years,1945944.7077,-71.88526338185537,14200520.8156,-2365.344196366356
2019-08-31T00:00:00Z,12-20 years,218542.783,-157.1665087519342,14200520.8156,-2365.344196366356
2019-08-31T00:00:00Z,2-4 years,2778133.8818,-210.98628015807847,14200520.8156,-2365.344196366356
2019-08-31T00:00:00Z,20+ years,1751830.0892,-1180.7582182672022,14200520.8156,-2365.344196366356
2019-08-31T00:00:00Z,4-8 years,2801967.7806,-456.57331659286143,14200520.8156,-2365.344196366356
2019-08-31T00:00:00Z,8-12 years,679455.4484,-220.02324941234215,14200520.8156,-2365.344196366356
2019-08-31T00:00:00Z,less than a year,4024646.1249,-67.9513598020819,14200520.8156,-2365.344196366356
2019-09-30T00:00:00Z,1-2 years,1964935.1958,-71.04929604807712,14458738.552,-2371.567162220589
2019-09-30T00:00:00Z,12-20 years,218542.783,-156.16915312705123,14458738.552,-2371.567162220589
2019-09-30T00:00:00Z,2-4 years,2829483.6196,-210.95793974020887,14458738.552,-2371.567162220589
2019-09-30T00:00:00Z,20+ years,1767827.9179,-1183.855426078486,14458738.552,-2371.567162220589
2019-09-30T00:00:00Z,4-8 years,2895507.8613,-459.51414090075605,14458738.552,-2371.567162220589
2019-09-30T00:00:00Z,8-12 years,703455.4887,-222.41710228837712,14458738.552,-2371.567162220589
2019-09-30T00:00:00Z,less than a year,4078985.6857000003,-67.60410403763272,14458738.552,-2371.567162220589
2019-10-31T00:00:00Z,1-2 years,1985183.5422,-70.22006334904522,14626017.551,-2369.869580158794
2019-10-31T00:00:00Z,12-20 years,218542.783,-155.13855231467215,14626017.551,-2369.869580158794
2019-10-31T00:00:00Z,2-4 years,2834145.3834,-208.87648030240268,14626017.551,-2369.869580158794
2019-10-31T00:00:00Z,20+ years,1783827.9367,-1186.680105807447,14626017.551,-2369.869580158794
2019-10-31T00:00:00Z,4-8 years,2908433.3145,-454.09016886125914,14626017.551,-2369.869580158794
2019-10-31T00:00:00Z,8-12 years,727455.5372,-224.64559758347238,14626017.551,-2369.869580158794
2019-10-31T00:00:00Z,less than a year,4168429.054,-70.2186119404957,14626017.551,-2369.869580158794
2019-11-30T00:00:00Z,1-2 years,2043367.7523,-76.09051402124656,14617138.0138,-2373.158273732008
2019-11-30T00:00:00Z,12-20 years,263107.0321,-188.4776544554353,14617138.0138,-2373.158273732008
2019-11-30T00:00:00Z,2-4 years,2770319.8531,-206.43409336771458,14617138.0138,-2373.158273732008
2019-11-30T00:00:00Z,20+ years,1767257.5143,-1169.6292495879006,14617138.0138,-2373.158273732008
2019-11-30T00:00:00Z,4-8 years,2862240.0545,-456.435963260603,14617138.0138,-2373.158273732008
2019-11-30T00:00:00Z,8-12 years,678744.6333,-205.38443258623047,14617138.0138,-2373.158273732008
2019-11-30T00:00:00Z,less than a year,4232101.1742,-70.70636645287793,14617138.0138,-2373.158273732008
2019-12-31T00:00:00Z,1-2 years,2060737.7305,-74.95572652401614,14725084.5083,-2378.340041500431
2019-12-31T00:00:00Z,12-20 years,263107.0321,-187.2377198621929,14725084.5083,-2378.340041500431
2019-12-31T00:00:00Z,2-4 years,2821958.5251,-208.11045024390805,14725084.5083,-2378.340041500431
2019-12-31T00:00:00Z,20+ years,1783256.4694,-1172.9745645436851,14725084.5083,-2378.340041500431
2019-12-31T00:00:00Z,4-8 years,2946412.9835,-459.12397737598474,14725084.5083,-2378.340041500431
2019-12-31T00:00:00Z,8-12 years,702744.6445,-208.18531809027363,14725084.5083,-2378.340041500431
2019-12-31T00:00:00Z,less than a year,4146867.1232,-67.75228486037038,14725084.5083,-2378.340041500431
2020-01-31T00:00:00Z,1-2 years,2081217.0922,-75.10589219741745,14798528.3726,-2405.911078518017
2020-01-31T00:00:00Z,12-20 years,263107.0321,-188.58099342760124,14798528.3726,-2405.911078518017
2020-01-31T00:00:00Z,2-4 years,2828742.924,-208.9745212978934,14798528.3726,-2405.911078518017
2020-01-31T00:00:00Z,20+ years,1799768.4364,-1192.4169329053495,14798528.3726,-2405.911078518017
2020-01-31T00:00:00Z,4-8 years,2954228.9042,-456.5415240939769,14798528.3726,-2405.911078518017
2020-01-31T00:00:00Z,8-12 years,727512.5948,-213.85755433552654,14798528.3726,-2405.911078518017
2020-01-31T00:00:00Z,less than a year,4143951.3889,-70.43366026025215,14798528.3726,-2405.911078518017
2020-02-29T00:00:00Z,1-2 years,2166361.3303,-76.90375074140324,14873509.7642,-2406.444562551395
2020-02-29T00:00:00Z,12-20 years,308009.5224,-223.58445041379733,14873509.7642,-2406.444562551395
2020-02-29T00:00:00Z,2-4 years,2722060.9728,-209.06554342463625,14873509.7642,-2406.444562551395
2020-02-29T00:00:00Z,20+ years,1782315.726,-1170.5287196080808,14873509.7642,-2406.444562551395
2020-02-29T00:00:00Z,4-8 years,2888026.6528,-451.49416861018585,14873509.7642,-2406.444562551395
2020-02-29T00:00:00Z,8-12 years,695948.2025,-201.089966938258,14873509.7642,-2406.444562551395
2020-02-29T00:00:00Z,less than a year,4310787.3574,-73.77796281503362,14873509.7642,-2406.444562551395
2020-03-31T00:00:00Z,1-2 years,2218498.7165,-75.94960439617161,15179427.1033,-2408.881442122508
2020-03-31T00:00:00Z,12-20 years,308009.5224,-223.4144039756091,15179427.1033,-2408.881442122508
2020-03-31T00:00:00Z,2-4 years,2729833.7869,-206.8357933081009,15179427.1033,-2408.881442122508
2020-03-31T00:00:00Z,20+ years,1798330.8671,-1178.3145216638195,15179427.1033,-2408.881442122508
2020-03-31T00:00:00Z,4-8 years,2980021.9049,-447.43406841241205,15179427.1033,-2408.881442122508
2020-03-31T00:00:00Z,8-12 years,719970.7994,-203.92960029558628,15179427.1033,-2408.881442122508
2020-03-31T00:00:00Z,less than a year,4424761.5061,-73.00345007080863,15179427.1033,-2408.881442122508
2020-04-30T00:00:00Z,1-2 years,2228745.2959,-73.56119442079783,16612046.1663,-2421.076929042626
2020-04-30T00:00:00Z,12-20 years,308009.5224,-221.9986846868816,16612046.1663,-2421.076929042626
2020-04-30T00:00:00Z,2-4 years,2736602.4789,-203.64954579040165,16612046.1663,-2421.076929042626
2020-04-30T00:00:00Z,20+ years,1815386.8058,-1181.3681499417244,16612046.1663,-2421.076929042626
2020-04-30T00:00:00Z,4-8 years,2992406.0598,-435.80360921799667,16612046.1663,-2421.076929042626
2020-04-30T00:00:00Z,8-12 years,745053.086,-206.35595980226145,16612046.1663,-2421.076929042626
2020-04-30T00:00:00Z,less than a year,5785842.9175,-98.33978518256232,16612046.1663,-2421.076929042626
2020-05-31T00:00:00Z,1-2 years,2188681.6519,-70.75946797545275,17176510.1894,-2425.654294708804
2020-05-31T00:00:00Z,12-20 years,351482.56680000003,-254.090056722021,17176510.1894,-2425.654294708804
2020-05-31T00:00:00Z,2-4 years,2753131.7122,-205.09843901858764,17176510.1894,-2425.654294708804
2020-05-31T00:00:00Z,20+ years,1805548.5169,-1159.8259340930333,17176510.1894,-2425.654294708804
2020-05-31T00:00:00Z,4-8 years,2928181.4951,-434.3385526209401,17176510.1894,-2425.654294708804
2020-05-31T00:00:00Z,8-12 years,718864.0502,-189.05727957583576,17176510.1894,-2425.654294708804
2020-05-31T00:00:00Z,less than a year,6430620.1963,-112.48456470293296,17176510.1894,-2425.654294708804
2020-06-30T00:00:00Z,1-2 years,2246845.7429,-68.33879445933027,17927384.874,-2432.697755937293
2020-06-30T00:00:00Z,12-20 years,392907.3889,-262.5497847405454,17927384.874,-2432.697755937293
2020-06-30T00:00:00Z,2-4 years,2769300.0027,-202.31517637607476,17927384.874,-2432.697755937293
2020-06-30T00:00:00Z,20+ years,1824818.6598999999,-1161.0514279163308,17927384.874,-2432.697755937293
2020-06-30T00:00:00Z,4-8 years,3043255.6133,-425.7948003365493,17927384.874,-2432.697755937293
2020-06-30T00:00:00Z,8-12 years,748276.3694,-189.43183424029263,17927384.874,-2432.697755937293
2020-06-30T00:00:00Z,less than a year,6901981.0969,-123.21593786816936,17927384.874,-2432.697755937293
2020-07-31T00:00:00Z,1-2 years,2261700.3723,-66.0920282621399,18079462.3256,-2422.058371672952
2020-07-31T00:00:00Z,12-20 years,411839.207,-265.41331869738144,18079462.3256,-2422.058371672952
2020-07-31T00:00:00Z,2-4 years,2789308.3454,-198.5786331854574,18079462.3256,-2422.058371672952
2020-07-31T00:00:00Z,20+ years,1845485.5589,-1162.5341809755953,18079462.3256,-2422.058371672952
2020-07-31T00:00:00Z,4-8 years,3072075.5674,-414.68578190874445,18079462.3256,-2422.058371672952
2020-07-31T00:00:00Z,8-12 years,779820.5767,-189.86743666029145,18079462.3256,-2422.058371672952
2020-07-31T00:00:00Z,less than a year,6919232.6979,-124.88699198334255,18079462.3256,-2422.058371672952
2020-08-31T00:00:00Z,1-2 years,2297245.5775,-65.44120441166865,18225222.047,-2424.82644941903
2020-08-31T00:00:00Z,12-20 years,482224.3742,-301.2819026550423,18225222.047,-2424.82644941903
2020-08-31T00:00:00Z,2-4 years,2802344.1692,-197.85514643323805,18225222.047,-2424.82644941903
2020-08-31T00:00:00Z,20+ years,1843735.8092,-1148.558254540065,18225222.047,-2424.82644941903
2020-08-31T00:00:00Z,4-8 years,3126388.376,-423.2161638383905,18225222.047,-2424.82644941903
2020-08-31T00:00:00Z,8-12 years,753149.2936,-167.3662191355592,18225222.047,-2424.82644941903
2020-08-31T00:00:00Z,less than a year,6920134.4473,-121.1075584050658,18225222.047,-2424.82644941903
2020-09-30T00:00:00Z,1-2 years,2316066.7088,-63.11836827053237,18366097.4445,-2415.315778479508
2020-09-30T00:00:00Z,12-20 years,507236.2027,-305.4187890214269,18366097.4445,-2415.315778479508
2020-09-30T00:00:00Z,2-4 years,2824377.2405,-193.40869555280779,18366097.4445,-2415.315778479508
2020-09-30T00:00:00Z,20+ years,1867681.3773999999,-1152.09313919833,18366097.4445,-2415.315778479508
2020-09-30T00:00:00Z,4-8 years,3168287.966,-414.08074212458376,18366097.4445,-2415.315778479508
2020-09-30T00:00:00Z,8-12 years,789588.211,-168.5164401602533,18366097.4445,-2415.315778479508
2020-09-30T00:00:00Z,less than a year,6892859.7381,-118.67960415157431,18366097.4445,-2415.315778479508
2020-10-31T00:00:00Z,1-2 years,2272689.8456,-60.4350383642592,18309615.8026,-2397.989700917037
2020-10-31T00:00:00Z,12-20 years,507236.2027,-303.4359454569911,18309615.8026,-2397.989700917037
2020-10-31T00:00:00Z,2-4 years,2852721.0132,-190.0491413917084,18309615.8026,-2397.989700917037
2020-10-31T00:00:00Z,20+ years,1891324.751,-1155.25542868132,18309615.8026,-2397.989700917037
2020-10-31T00:00:00Z,4-8 years,3091548.9059,-400.73195846682177,18309615.8026,-2397.989700917037
2020-10-31T00:00:00Z,8-12 years,825567.3188,-169.52032940212789,18309615.8026,-2397.989700917037
2020-10-31T00:00:00Z,less than a year,6868527.7654,-118.56185915380917,18309615.8026,-2397.989700917037
2020-11-30T00:00:00Z,1-2 years,2335941.4662,-58.464474796084275,18649352.1988,-2417.712127887047
2020-11-30T00:00:00Z,12-20 years,605219.1646,-349.3020225039118,18649352.1988,-2417.712127887047
2020-11-30T00:00:00Z,2-4 years,2876889.3992,-192.48757970830837,18649352.1988,-2417.712127887047
2020-11-30T00:00:00Z,20+ years,1882824.952,-1138.5244576865884,18649352.1988,-2417.712127887047
2020-11-30T00:00:00Z,4-8 years,3281513.0356,-414.88641893213634,18649352.1988,-2417.712127887047
2020-11-30T00:00:00Z,8-12 years,786356.6845,-145.31755403853342,18649352.1988,-2417.712127887047
2020-11-30T00:00:00Z,less than a year,6880607.4967,-118.72962022148408,18649352.1988,-2417.712127887047
2020-12-31T00:00:00Z,1-2 years,2360417.3689,-56.82846628495982,18895290.566,-2424.615884019611
2020-12-31T00:00:00Z,12-20 years,632870.6198,-354.96994504347475,18895290.566,-2424.615884019611
2020-12-31T00:00:00Z,2-4 years,2903604.3668,-188.1895055070106,18895290.566,-2424.615884019611
2020-12-31T00:00:00Z,20+ years,1907847.1979,-1143.7002748611674,18895290.566,-2424.615884019611
2020-12-31T00:00:00Z,4-8 years,3343691.6924,-407.40020638872073,18895290.566,-2424.615884019611
2020-12-31T00:00:00Z,8-12 years,825975.2427000001,-148.1049685152071,18895290.566,-2424.615884019611
2020-12-31T00:00:00Z,less than a year,6920884.0775,-125.42251741907083,18895290.566,-2424.615884019611
2021-01-31T00:00:00Z,1-2 years,2318865.6444,-55.3251667143802,18888715.1049,-2435.6910032379
2021-01-31T00:00:00Z,12-20 years,632870.6196,-357.44462040353477,18888715.1049,-2435.6910032379
2021-01-31T00:00:00Z,2-4 years,2936220.2781,-186.870620692065,18888715.1049,-2435.6910032379
2021-01-31T00:00:00Z,20+ years,1934259.8192,-1164.294548215511,18888715.1049,-2435.6910032379
2021-01-31T00:00:00Z,4-8 years,3267172.6484,-398.02249960796485,18888715.1049,-2435.6910032379
2021-01-31T00:00:00Z,8-12 years,867795.2332,-152.7163344815133,18888715.1049,-2435.6910032379
2021-01-31T00:00:00Z,less than a year,6931530.862,-121.01721312293094,18888715.1049,-2435.6910032379
2021-02-28T00:00:00Z,1-2 years,2373926.9356,-58.69926177026323,18974510.3803,-2454.100269104218
2021-02-28T00:00:00Z,12-20 years,703119.376,-399.2881700231974,18974510.3803,-2454.100269104218
2021-02-28T00:00:00Z,2-4 years,2950514.5491,-187.52012868704549,18974510.3803,-2454.100269104218
2021-02-28T00:00:00Z,20+ years,1928049.5392,-1147.2743926557177,18974510.3803,-2454.100269104218
2021-02-28T00:00:00Z,4-8 years,3346808.5454,-408.2691716920536,18974510.3803,-2454.100269104218
2021-02-28T00:00:00Z,8-12 years,830813.388,-134.08012576610432,18974510.3803,-2454.100269104218
2021-02-28T00:00:00Z,less than a year,6841278.047,-118.96901850983669,18974510.3803,-2454.100269104218
2021-03-31T00:00:00Z,1-2 years,2479800.1559,-56.94219632927294,19272503.7346,-2489.310116969436
2021-03-31T00:00:00Z,12-20 years,764278.122,-421.8176897211724,19272503.7346,-2489.310116969436
2021-03-31T00:00:00Z,2-4 years,2981503.0822,-185.99683448653377,19272503.7346,-2489.310116969436
2021-03-31T00:00:00Z,20+ years,1953536.9398,-1159.1051373388955,19272503.7346,-2489.310116969436
2021-03-31T00:00:00Z,4-8 years,3558274.2155,-416.6843510332121,19272503.7346,-2489.310116969436
2021-03-31T00:00:00Z,8-12 years,871168.4053,-138.61339924143724,19272503.7346,-2489.310116969436
2021-03-31T00:00:00Z,less than a year,6663942.8139,-110.15050881891158,19272503.7346,-2489.310116969436
2021-04-30T00:00:00Z,1-2 years,2515799.6967,-55.601478128542524,19385870.5544,-2503.628998262705
2021-04-30T00:00:00Z,12-20 years,792861.4643999999,-429.94864095542863,19385870.5544,-2503.628998262705
2021-04-30T00:00:00Z,2-4 years,3013986.6488,-182.65904668914587,19385870.5544,-2503.628998262705
2021-04-30T00:00:00Z,20+ years,1981221.3652,-1167.208796406172,19385870.5544,-2503.628998262705
2021-04-30T00:00:00Z,4-8 years,3624143.4949,-416.4431362207804,19385870.5544,-2503.628998262705
2021-04-30T00:00:00Z,8-12 years,915002.0319000001,-143.28942816949473,19385870.5544,-2503.628998262705
2021-04-30T00:00:00Z,less than a year,6542855.8525,-108.47847169314123,19385870.5544,-2503.628998262705
2021-05-31T00:00:00Z,1-2 years,2490073.9424,-55.2549562808775,19185326.7312,-2514.415278827528
2021-05-31T00:00:00Z,12-20 years,834856.9707,-460.5125595236623,19185326.7312,-2514.415278827528
2021-05-31T00:00:00Z,2-4 years,3041115.5874,-182.9432498218275,19185326.7312,-2514.415278827528
2021-05-31T00:00:00Z,20+ years,1980549.4986999999,-1159.3778452304955,19185326.7312,-2514.415278827528
2021-05-31T00:00:00Z,4-8 years,3562612.65,-417.6319522481013,19185326.7312,-2514.415278827528
2021-05-31T00:00:00Z,8-12 years,893327.7417,-135.2896969509189,19185326.7312,-2514.415278827528
2021-05-31T00:00:00Z,less than a year,6382790.3403,-103.40501877164469,19185326.7312,-2514.415278827528
2021-06-30T00:00:00Z,1-2 years,2594312.0515,-54.13524096258057,19561305.8945,-2559.435937132352
2021-06-30T00:00:00Z,12-20 years,894740.4844,-483.95047802613226,19561305.8945,-2559.435937132352
2021-06-30T00:00:00Z,2-4 years,3072190.1708,-179.7363729194722,19561305.8945,-2559.435937132352
2021-06-30T00:00:00Z,20+ years,2006755.4993999999,-1169.4776925433976,19561305.8945,-2559.435937132352
2021-06-30T00:00:00Z,4-8 years,3766220.5492000002,-429.2700054630912,19561305.8945,-2559.435937132352
2021-06-30T00:00:00Z,8-12 years,934821.1805,-142.12220740278894,19561305.8945,-2559.435937132352
2021-06-30T00:00:00Z,less than a year,6292265.9587,-100.74393981488895,19561305.8945,-2559.435937132352
2021-07-31T00:00:00Z,1-2 years,2554515.4193,-52.183149900233005,19427995.3076,-2556.34663995396
2021-07-31T00:00:00Z,12-20 years,894740.4841,-480.87411443472195,19427995.3076,-2556.34663995396
2021-07-31T00:00:00Z,2-4 years,3108956.6679000002,-176.7435247436739,19427995.3076,-2556.34663995396
2021-07-31T00:00:00Z,20+ years,2034706.4448,-1180.2950344232986,19427995.3076,-2556.34663995396
2021-07-31T00:00:00Z,4-8 years,3679056.0544,-417.17050122423274,19427995.3076,-2556.34663995396
2021-07-31T00:00:00Z,8-12 years,979075.6881,-149.2956952620318,19427995.3076,-2556.34663995396
2021-07-31T00:00:00Z,less than a year,6176944.549,-99.78461996576814,19427995.3076,-2556.34663995396
2021-08-31T00:00:00Z,1-2 years,2663698.6808,-55.28930961123348,19744069.2034,-2604.613767192813
2021-08-31T00:00:00Z,12-20 years,993920.018,-530.8307940242515,19744069.2034,-2604.613767192813
2021-08-31T00:00:00Z,2-4 years,3121967.1379,-176.46441286994062,19744069.2034,-2604.613767192813
2021-08-31T00:00:00Z,20+ years,2031263.4309,-1171.606442737385,19744069.2034,-2604.613767192813
2021-08-31T00:00:00Z,4-8 years,3892222.5543,-435.6785374801922,19744069.2034,-2604.613767192813
2021-08-31T00:00:00Z,8-12 years,934570.3018,-136.66878202845268,19744069.2034,-2604.613767192813
2021-08-31T00:00:00Z,less than a year,6106427.0797,-98.07548844135765,19744069.2034,-2604.613767192813
2021-09-30T00:00:00Z,1-2 years,2694271.6974,-54.22656058495888,19640549.1118,-2615.943744027983
2021-09-30T00:00:00Z,12-20 years,1020810.4102,-537.0173865130794,19640549.1118,-2615.943744027983
2021-09-30T00:00:00Z,2-4 years,3154996.5177,-173.4970141370373,19640549.1118,-2615.943744027983
2021-09-30T00:00:00Z,20+ years,2057818.8871,-1179.6696963805443,19640549.1118,-2615.943744027983
2021-09-30T00:00:00Z,4-8 years,3941420.0594,-435.4971851273898,19640549.1118,-2615.943744027983
2021-09-30T00:00:00Z,8-12 years,976616.6715,-141.76810419740906,19640549.1118,-2615.943744027983
2021-09-30T00:00:00Z,less than a year,5794614.8685,-94.26779708756497,19640549.1118,-2615.943744027983
2021-10-31T00:00:00Z,1-2 years,2652075.9784,-52.9090285733498,19762327.1957,-2604.960088005217
2021-10-31T00:00:00Z,12-20 years,1020809.9052,-533.5986121104404,19762327.1957,-2604.960088005217
2021-10-31T00:00:00Z,2-4 years,3186469.2600000002,-170.7048223068711,19762327.1957,-2604.960088005217
2021-10-31T00:00:00Z,20+ years,2083624.27,-1187.0506740973242,19762327.1957,-2604.960088005217
2021-10-31T00:00:00Z,4-8 years,3850164.0123,-423.31436959775573,19762327.1957,-2604.960088005217
2021-10-31T00:00:00Z,8-12 years,1017475.8954,-146.52243560834023,19762327.1957,-2604.960088005217
2021-10-31T00:00:00Z,less than a year,5951707.8744,-90.86014571113574,19762327.1957,-2604.960088005217
2021-11-30T00:00:00Z,1-2 years,2737257.8914,-55.531100571753036,20074116.8928,-2663.180970256796
2021-11-30T00:00:00Z,12-20 years,1116768.0831,-577.768189920255,20074116.8928,-2663.180970256796
2021-11-30T00:00:00Z,2-4 years,3223522.5019,-170.91125841187394,20074116.8928,-2663.180970256796
2021-11-30T00:00:00Z,20+ years,2078463.2518,-1180.4824512188152,20074116.8928,-2663.180970256796
2021-11-30T00:00:00Z,4-8 years,4043992.4055,-446.00720113332073,20074116.8928,-2663.180970256796
2021-11-30T00:00:00Z,8-12 years,990483.0630000001,-140.52025235493903,20074116.8928,-2663.180970256796
2021-11-30T00:00:00Z,less than a year,5883629.6961,-91.96051664583862,20074116.8928,-2663.180970256796
2021-12-31T00:00:00Z,1-2 years,2765357.4193,-55.4701862577395,20252017.6076,-2684.889566820433
2021-12-31T00:00:00Z,12-20 years,1139510.3106,-583.0219638267698,20252017.6076,-2684.889566820433
2021-12-31T00:00:00Z,2-4 years,3254094.8128,-169.39753589416907,20252017.6076,-2684.889566820433
2021-12-31T00:00:00Z,20+ years,2103707.2519,-1187.0089715123997,20252017.6076,-2684.889566820433
2021-12-31T00:00:00Z,4-8 years,4072627.9966,-445.7350749359564,20252017.6076,-2684.889566820433
2021-12-31T00:00:00Z,8-12 years,1031791.5042000001,-146.00895513187842,20252017.6076,-2684.889566820433
2021-12-31T00:00:00Z,less than a year,5884928.3122,-98.24687926152006,20252017.6076,-2684.889566820433
2022-01-31T00:00:00Z,1-2 years,2788549.8119,-55.87861839205445,20632565.8893,-2730.97253062282
2022-01-31T00:00:00Z,12-20 years,1162498.5113,-595.8162148843727,20632565.8893,-2730.97253062282
2022-01-31T00:00:00Z,2-4 years,3279808.5526,-169.1361607612008,20632565.8893,-2730.97253062282
2022-01-31T00:00:00Z,20+ years,2129237.1334,-1208.320201953422,20632565.8893,-2730.97253062282
2022-01-31T00:00:00Z,4-8 years,4096793.4941,-452.9268607839513,20632565.8893,-2730.97253062282
2022-01-31T00:00:00Z,8-12 years,1073567.6641,-152.6396757960754,20632565.8893,-2730.97253062282
2022-01-31T00:00:00Z,less than a year,6102110.7219,-96.25479805174292,20632565.8893,-2730.97253062282
2022-02-28T00:00:00Z,1-2 years,2660278.2926,-52.21796269527887,20871756.3983,-2779.369870462906
2022-02-28T00:00:00Z,12-20 years,1231969.6524,-632.1365825027286,20871756.3983,-2779.369870462906
2022-02-28T00:00:00Z,2-4 years,3454950.1849,-180.22717087270829,20871756.3983,-2779.369870462906
2022-02-28T00:00:00Z,20+ years,2118932.2073,-1201.6389549468565,20871756.3983,-2779.369870462906
2022-02-28T00:00:00Z,4-8 years,4126528.3549,-462.67304370852924,20871756.3983,-2779.369870462906
2022-02-28T00:00:00Z,8-12 years,1044838.4577,-151.65446804990688,20871756.3983,-2779.369870462906
2022-02-28T00:00:00Z,less than a year,6234259.2485,-98.82168768689736,20871756.3983,-2779.369870462906
2022-03-31T00:00:00Z,1-2 years,2665697.9264,-53.19454838683681,20908865.0638,-2818.307865858974
2022-03-31T00:00:00Z,12-20 years,1250945.125,-639.9607080459047,20908865.0638,-2818.307865858974
2022-03-31T00:00:00Z,2-4 years,3480722.6591,-181.11939388526224,20908865.0638,-2818.307865858974
2022-03-31T00:00:00Z,20+ years,2142267.6025,-1214.160637371638,20908865.0638,-2818.307865858974
2022-03-31T00:00:00Z,4-8 years,4135018.1938,-470.99150997490256,20908865.0638,-2818.307865858974
2022-03-31T00:00:00Z,8-12 years,1084551.0953,-159.34364674816993,20908865.0638,-2818.307865858974
2022-03-31T00:00:00Z,less than a year,6149662.4617,-99.53742144626038,20908865.0638,-2818.307865858974
2022-04-30T00:00:00Z,1-2 years,2677559.2745,-55.16619807029438,20780285.0789,-2812.966969824308
2022-04-30T00:00:00Z,12-20 years,1250945.1149,-636.0575905822981,20780285.0789,-2812.966969824308
2022-04-30T00:00:00Z,2-4 years,3443048.545,-179.88065444658238,20780285.0789,-2812.966969824308
2022-04-30T00:00:00Z,20+ years,2167038.4707,-1222.562977456907,20780285.0789,-2812.966969824308
2022-04-30T00:00:00Z,4-8 years,4031064.466,-457.3128609499455,20780285.0789,-2812.966969824308
2022-04-30T00:00:00Z,8-12 years,1126661.7735000001,-167.16818305730763,20780285.0789,-2812.966969824308
2022-04-30T00:00:00Z,less than a year,6083967.4343,-94.81850526097323,20780285.0789,-2812.966969824308
2022-05-31T00:00:00Z,1-2 years,2683733.8436,-59.25987954534275,20920620.5739,-2907.624102321161
2022-05-31T00:00:00Z,12-20 years,1332632.3479,-678.7508948176977,20920620.5739,-2907.624102321161
2022-05-31T00:00:00Z,2-4 years,3520055.7037,-188.77443532473734,20920620.5739,-2907.624102321161
2022-05-31T00:00:00Z,20+ years,2160506.1204,-1223.1158675484758,20920620.5739,-2907.624102321161
2022-05-31T00:00:00Z,4-8 years,4192856.9221,-496.6825309967314,20920620.5739,-2907.624102321161
2022-05-31T00:00:00Z,8-12 years,1060932.9444,-169.99101315169744,20920620.5739,-2907.624102321161
2022-05-31T00:00:00Z,less than a year,5969902.6918,-91.04948093647846,20920620.5739,-2907.624102321161
2022-06-30T00:00:00Z,1-2 years,2684150.8671,-60.559522926091795,20874076.8837,-2940.154362063577
2022-06-30T00:00:00Z,12-20 years,1347702.8503999999,-683.5266639560382,20874076.8837,-2940.154362063577
2022-06-30T00:00:00Z,2-4 years,3530283.9086,-190.68908580939387,20874076.8837,-2940.154362063577
2022-06-30T00:00:00Z,20+ years,2180623.2916,-1231.3063921907053,20874076.8837,-2940.154362063577
2022-06-30T00:00:00Z,4-8 years,4178304.8491,-504.34730018690095,20874076.8837,-2940.154362063577
2022-06-30T00:00:00Z,8-12 years,1095873.4141,-179.89133431887444,20874076.8837,-2940.154362063577
2022-06-30T00:00:00Z,less than a year,5857137.7028,-89.83406267557227,20874076.8837,-2940.154362063577
2022-07-31T00:00:00Z,1-2 years,2684249.7236,-62.11533394792295,20813964.4272,-2936.503503184617
2022-07-31T00:00:00Z,12-20 years,1347702.7981,-679.184683490294,20813964.4272,-2936.503503184617
2022-07-31T00:00:00Z,2-4 years,3491040.0483,-188.7082212564997,20813964.4272,-2936.503503184617
2022-07-31T00:00:00Z,20+ years,2202044.9547,-1240.0799004969556,20813964.4272,-2936.503503184617
2022-07-31T00:00:00Z,4-8 years,4074217.431,-489.85931551274035,20813964.4272,-2936.503503184617
2022-07-31T00:00:00Z,8-12 years,1133079.5239,-190.2496878455398,20813964.4272,-2936.503503184617
2022-07-31T00:00:00Z,less than a year,5881629.9476,-86.30636063466491,20813964.4272,-2936.503503184617
2022-08-31T00:00:00Z,1-2 years,2657637.791,-63.83422695181108,21241412.4134,-3026.320437387154
2022-08-31T00:00:00Z,12-20 years,1421860.3236,-719.2366835209133,21241412.4134,-3026.320437387154
2022-08-31T00:00:00Z,2-4 years,3560256.082,-198.6763723731952,21241412.4134,-3026.320437387154
2022-08-31T00:00:00Z,20+ years,2194326.576,-1241.7624746025656,21241412.4134,-3026.320437387154
2022-08-31T00:00:00Z,4-8 years,4216926.7669,-515.9237352000242,21241412.4134,-3026.320437387154
2022-08-31T00:00:00Z,8-12 years,1057197.7461,-198.4171206574695,21241412.4134,-3026.320437387154
2022-08-31T00:00:00Z,less than a year,6133207.1278,-88.46982408117522,21241412.4134,-3026.320437387154
2022-09-30T00:00:00Z,1-2 years,2657624.5962,-64.97196915573711,21222702.1752,-3054.818605943839
2022-09-30T00:00:00Z,12-20 years,1433859.8506,-721.9983815077371,21222702.1752,-3054.818605943839
2022-09-30T00:00:00Z,2-4 years,3559962.0036,-199.99078704827008,21222702.1752,-3054.818605943839
2022-09-30T00:00:00Z,20+ years,2212326.4492,-1248.5726200902284,21222702.1752,-3054.818605943839
2022-09-30T00:00:00Z,4-8 years,4192109.4333,-524.8038994550079,21222702.1752,-3054.818605943839
2022-09-30T00:00:00Z,8-12 years,1089197.7554,-206.47343393778579,21222702.1752,-3054.818605943839
2022-09-30T00:00:00Z,less than a year,6077622.0868999995,-88.00751474907271,21222702.1752,-3054.818605943839
2022-10-31T00:00:00Z,1-2 years,2651335.4151,-66.97379616472007,21304462.261,-3079.548609862468
2022-10-31T00:00:00Z,12-20 years,1445847.9919,-724.5185732500756,21304462.261,-3079.548609862468
2022-10-31T00:00:00Z,2-4 years,3563531.9126,-201.31762434918116,21304462.261,-3079.548609862468
2022-10-31T00:00:00Z,20+ years,2230326.4396,-1255.0726852202467,21304462.261,-3079.548609862468
2022-10-31T00:00:00Z,4-8 years,4166438.9171,-532.2236042961752,21304462.261,-3079.548609862468
2022-10-31T00:00:00Z,8-12 years,1121198.0739,-214.2638470127639,21304462.261,-3079.548609862468
2022-10-31T00:00:00Z,less than a year,6125783.5108,-85.17847956930504,21304462.261,-3079.548609862468
2022-11-30T00:00:00Z,1-2 years,2661751.1491,-72.02076063014611,21471666.4566,-3150.691498960914
2022-11-30T00:00:00Z,12-20 years,1504461.5145,-756.9262718716673,21471666.4566,-3150.691498960914
2022-11-30T00:00:00Z,2-4 years,3566652.2098,-210.59934880140148,21471666.4566,-3150.691498960914
2022-11-30T00:00:00Z,20+ years,2216685.7405,-1258.0951591345881,21471666.4566,-3150.691498960914
2022-11-30T00:00:00Z,4-8 years,4204056.6533,-542.4647127172968,21471666.4566,-3150.691498960914
2022-11-30T00:00:00Z,8-12 years,1034784.3577,-222.25027851438645,21471666.4566,-3150.691498960914
2022-11-30T00:00:00Z,less than a year,6283274.8317,-88.33496729142804,21471666.4566,-3150.691498960914
2022-12-31T00:00:00Z,1-2 years,2648393.7174,-73.9844705036534,21274842.4095,-3153.539214208958
2022-12-31T00:00:00Z,12-20 years,1504459.1114,-752.0618820294785,21274842.4095,-3153.539214208958
2022-12-31T00:00:00Z,2-4 years,3522751.1026,-206.95623930431057,21274842.4095,-3153.539214208958
2022-12-31T00:00:00Z,20+ years,2234672.3164999997,-1267.741492937822,21274842.4095,-3153.539214208958
2022-12-31T00:00:00Z,4-8 years,4105648.7825,-526.7831400695501,21274842.4095,-3153.539214208958
2022-12-31T00:00:00Z,8-12 years,1066773.6365,-234.1392442309433,21274842.4095,-3153.539214208958
2022-12-31T00:00:00Z,less than a year,6192143.7426,-91.8727451332005,21274842.4095,-3153.539214208958
2023-01-31T00:00:00Z,1-2 years,2627084.1682,-76.5364795133105,21694460.3226,-3256.346635732089
2023-01-31T00:00:00Z,12-20 years,1528447.1885,-773.3642137052201,21694460.3226,-3256.346635732089
2023-01-31T00:00:00Z,2-4 years,3567642.8978999997,-214.00739700879393,21694460.3226,-3256.346635732089
2023-01-31T00:00:00Z,20+ years,2252672.3424,-1293.123089166506,21694460.3226,-3256.346635732089
2023-01-31T00:00:00Z,4-8 years,4161891.9943,-557.1191390661955,21694460.3226,-3256.346635732089
2023-01-31T00:00:00Z,8-12 years,1098772.3936,-248.26013173112872,21694460.3226,-3256.346635732089
2023-01-31T00:00:00Z,less than a year,6457949.3377,-93.93618554093499,21694460.3226,-3256.346635732089
2023-02-28T00:00:00Z,1-2 years,2624284.039,-81.98636808356159,21821931.7246,-3328.265575913591
2023-02-28T00:00:00Z,12-20 years,1588854.871,-808.6662572071183,21821931.7246,-3328.265575913591
2023-02-28T00:00:00Z,2-4 years,3573576.0394,-223.67998592578306,21821931.7246,-3328.265575913591
2023-02-28T00:00:00Z,20+ years,2239879.127,-1292.6128940733788,21821931.7246,-3328.265575913591
2023-02-28T00:00:00Z,4-8 years,4240231.3904,-582.4349870834976,21821931.7246,-3328.265575913591
2023-02-28T00:00:00Z,8-12 years,990949.3487,-242.00402165369184,21821931.7246,-3328.265575913591
2023-02-28T00:00:00Z,less than a year,6564156.9091,-96.88106188656019,21821931.7246,-3328.265575913591
2023-03-31T00:00:00Z,1-2 years,2617789.6048,-85.03903337069633,21870313.9962,-3367.289516342135
2023-03-31T00:00:00Z,12-20 years,1600854.5942,-815.5581973615,21870313.9962,-3367.289516342135
2023-03-31T00:00:00Z,2-4 years,3563625.8383,-223.68955141042355,21870313.9962,-3367.289516342135
2023-03-31T00:00:00Z,20+ years,2257878.9535,-1306.644063737359,21870313.9962,-3367.289516342135
2023-03-31T00:00:00Z,4-8 years,4219291.0959,-586.1580530451612,21870313.9962,-3367.289516342135
2023-03-31T00:00:00Z,8-12 years,1022949.5248,-252.90166570967955,21870313.9962,-3367.289516342135
2023-03-31T00:00:00Z,less than a year,6587924.3847,-97.29895170731584,21870313.9962,-3367.289516342135
2023-04-30T00:00:00Z,1-2 years,2598779.1708,-86.25759575315298,21653335.3193,-3361.408401189582
2023-04-30T00:00:00Z,12-20 years,1600845.4446999999,-810.4876187642257,21653335.3193,-3361.408401189582
2023-04-30T00:00:00Z,2-4 years,3523375.7662,-221.13806328187857,21653335.3193,-3361.408401189582
2023-04-30T00:00:00Z,20+ years,2277019.6116,-1316.3017488333685,21653335.3193,-3361.408401189582
2023-04-30T00:00:00Z,4-8 years,4122493.4877,-568.3447966259143,21653335.3193,-3361.408401189582
2023-04-30T00:00:00Z,8-12 years,1056982.9783,-263.5813067463695,21653335.3193,-3361.408401189582
2023-04-30T00:00:00Z,less than a year,6473838.86,-95.29727118467221,21653335.3193,-3361.408401189582
